SessionID,FirebaseID,Timestamp,Version,Age,Gender,Occupation,Education,Major,Year,GPA,Spiritual_Practice,Gita_Familiarity,Feedback,Score_Sattva_Raw,Score_Rajas_Raw,Score_Tamas_Raw,Dominant_Guna,BFI_BF1,BFI_BF1_Text,BFI_BFI1,BFI_BFI1_Text,Duration_BFI_BF1,Duration_BFI_BFI1,BFI_BF2,BFI_BF2_Text,BFI_BFI2,BFI_BFI2_Text,Duration_BFI_BF2,Duration_BFI_BFI2,BFI_BF3,BFI_BF3_Text,BFI_BFI3,BFI_BFI3_Text,Duration_BFI_BF3,Duration_BFI_BFI3,BFI_BF4,BFI_BF4_Text,BFI_BFI4,BFI_BFI4_Text,Duration_BFI_BF4,Duration_BFI_BFI4,BFI_BF5,BFI_BF5_Text,BFI_BFI5,BFI_BFI5_Text,Duration_BFI_BF5,Duration_BFI_BFI5,BFI_BF6,BFI_BF6_Text,BFI_BFI6,BFI_BFI6_Text,Duration_BFI_BF6,Duration_BFI_BFI6,BFI_BF7,BFI_BF7_Text,BFI_BFI7,BFI_BFI7_Text,Duration_BFI_BF7,Duration_BFI_BFI7,BFI_BF8,BFI_BF8_Text,BFI_BFI8,BFI_BFI8_Text,Duration_BFI_BF8,Duration_BFI_BFI8,BFI_BF9,BFI_BF9_Text,BFI_BFI9,BFI_BFI9_Text,Duration_BFI_BF9,Duration_BFI_BFI9,BFI_BF10,BFI_BF10_Text,BFI_BFI10,BFI_BFI10_Text,Duration_BFI_BF10,Duration_BFI_BFI10,BFI_BFI11,BFI_BFI11_Text,Duration_BFI_BFI11,BFI_BFI12,BFI_BFI12_Text,Duration_BFI_BFI12,BFI_BFI13,BFI_BFI13_Text,Duration_BFI_BFI13,BFI_BFI14,BFI_BFI14_Text,Duration_BFI_BFI14,BFI_BFI15,BFI_BFI15_Text,Duration_BFI_BFI15,BFI_BFI16,BFI_BFI16_Text,Duration_BFI_BFI16,BFI_BFI17,BFI_BFI17_Text,Duration_BFI_BFI17,BFI_BFI18,BFI_BFI18_Text,Duration_BFI_BFI18,BFI_BFI19,BFI_BFI19_Text,Duration_BFI_BFI19,BFI_BFI20,BFI_BFI20_Text,Duration_BFI_BFI20,BFI_BFI21,BFI_BFI21_Text,Duration_BFI_BFI21,BFI_BFI22,BFI_BFI22_Text,Duration_BFI_BFI22,BFI_BFI23,BFI_BFI23_Text,Duration_BFI_BFI23,BFI_BFI24,BFI_BFI24_Text,Duration_BFI_BFI24,BFI_BFI25,BFI_BFI25_Text,Duration_BFI_BFI25,BFI_BFI26,BFI_BFI26_Text,Duration_BFI_BFI26,BFI_BFI27,BFI_BFI27_Text,Duration_BFI_BFI27,BFI_BFI28,BFI_BFI28_Text,Duration_BFI_BFI28,BFI_BFI29,BFI_BFI29_Text,Duration_BFI_BFI29,BFI_BFI30,BFI_BFI30_Text,Duration_BFI_BFI30,BFI_BFI31,BFI_BFI31_Text,Duration_BFI_BFI31,BFI_BFI32,BFI_BFI32_Text,Duration_BFI_BFI32,BFI_BFI33,BFI_BFI33_Text,Duration_BFI_BFI33,BFI_BFI34,BFI_BFI34_Text,Duration_BFI_BFI34,BFI_BFI35,BFI_BFI35_Text,Duration_BFI_BFI35,BFI_BFI36,BFI_BFI36_Text,Duration_BFI_BFI36,BFI_BFI37,BFI_BFI37_Text,Duration_BFI_BFI37,BFI_BFI38,BFI_BFI38_Text,Duration_BFI_BFI38,BFI_BFI39,BFI_BFI39_Text,Duration_BFI_BFI39,BFI_BFI40,BFI_BFI40_Text,Duration_BFI_BFI40,BFI_BFI41,BFI_BFI41_Text,Duration_BFI_BFI41,BFI_BFI42,BFI_BFI42_Text,Duration_BFI_BFI42,BFI_BFI43,BFI_BFI43_Text,Duration_BFI_BFI43,BFI_BFI44,BFI_BFI44_Text,Duration_BFI_BFI44,Score_BigFive_Neuroticism,Score_BigFive_Conscientiousness,Score_BigFive_Extraversion,Score_BigFive_Agreeableness,Score_BigFive_Openness,Guna_Changes,Tab_Switches
f42a6929-5c30-4684-9577-c2ad1a435ccd,06wKiQQUGJlS8qOILMti,2026-02-13T10:34:13.001Z,original-gpi,19,Male,Student,UG (Pursuing),Earth Sciences,1,7,Regular,Very Familiar,,6.00,2.44,1.86,Sattva,,,1.0,Is talkative,,21540.0,,,1.0,Tends to find fault with others,,45265.0,,,5.0,Does a thorough job,,49784.0,,,1.0,"Is depressed, blue",,54294.0,,,5.0,"Is original, comes up with new ideas",,59285.0,,,5.0,Is reserved,,60795.0,,,5.0,Is helpful and unselfish with others,,68494.0,,,2.0,Can be somewhat careless,,74789.0,,,5.0,"Is relaxed, handles stress well",,78871.0,,,4.0,Is curious about many different things,,83486.0,4.0,Is full of energy,87298.0,1.0,Starts quarrels with others,91664.0,4.0,Is a reliable worker,103158.0,4.0,Can be tense,111882.0,4.0,"Is ingenious, a deep thinker",116566.0,3.0,Generates a lot of enthusiasm,120181.0,5.0,Has a forgiving nature,124273.0,1.0,Tends to be disorganized,472826.0,4.0,Worries a lot,132505.0,4.0,Has an active imagination,164536.0,5.0,Tends to be quiet,160205.0,5.0,Is generally trusting,171612.0,1.0,Tends to be lazy,176743.0,5.0,"Is emotionally stable, not easily upset",190820.0,4.0,Is inventive,193074.0,3.0,Has an assertive personality,197397.0,2.0,Can be cold and aloof,220328.0,5.0,Perseveres until the task is finished,227678.0,2.0,Can be moody,230099.0,4.0,"Values artistic, aesthetic experiences",244322.0,3.0,"Is sometimes shy, inhibited",256387.0,5.0,Is considerate and kind to almost everyone,289035.0,4.0,Does things efficiently,295973.0,5.0,Remains calm in tense situations,299184.0,4.0,Prefers work that is routine,309426.0,4.0,"Is outgoing, sociable",314748.0,3.0,Is sometimes rude to others,322134.0,5.0,Makes plans and follows through with them,338651.0,1.0,Gets nervous easily,355800.0,5.0,"Likes to reflect, play with ideas",403030.0,5.0,Has few artistic interests,398952.0,5.0,Likes to cooperate with others,457389.0,3.0,Is easily distracted,413756.0,5.0,"Is sophisticated in art, music, or literature",461849.0,0.0,0.0,0.0,0.0,0.0,59,2
ad8f33fb-dcca-4194-88b9-0ed099ba8022,0RoL3GFCNQDh0yg8ZdMc,2026-02-14T08:40:44.216Z,original-gpi,14,Female,Student,Other,,,,Rarely,Very Familiar,,4.56,3.84,3.25,Sattva,,,2.0,Is talkative,,16194.0,,,1.0,Tends to find fault with others,,23836.0,,,3.0,Does a thorough job,,26898.0,,,3.0,"Is depressed, blue",,31979.0,,,4.0,"Is original, comes up with new ideas",,142830.0,,,4.0,Is reserved,,34416.0,,,4.0,Is helpful and unselfish with others,,37174.0,,,2.0,Can be somewhat careless,,40382.0,,,2.0,"Is relaxed, handles stress well",,43955.0,,,4.0,Is curious about many different things,,46864.0,3.0,Is full of energy,49849.0,3.0,Starts quarrels with others,53288.0,3.0,Is a reliable worker,55626.0,4.0,Can be tense,58867.0,4.0,"Is ingenious, a deep thinker",61047.0,4.0,Generates a lot of enthusiasm,64317.0,4.0,Has a forgiving nature,67399.0,2.0,Tends to be disorganized,71334.0,2.0,Worries a lot,73343.0,3.0,Has an active imagination,151248.0,3.0,Tends to be quiet,80150.0,1.0,Is generally trusting,83600.0,3.0,Tends to be lazy,88070.0,2.0,"Is emotionally stable, not easily upset",92796.0,3.0,Is inventive,100774.0,3.0,Has an assertive personality,101203.0,3.0,Can be cold and aloof,103303.0,3.0,Perseveres until the task is finished,105039.0,3.0,Can be moody,105521.0,4.0,"Values artistic, aesthetic experiences",109824.0,4.0,"Is sometimes shy, inhibited",112345.0,3.0,Is considerate and kind to almost everyone,115663.0,3.0,Does things efficiently,116388.0,3.0,Remains calm in tense situations,117195.0,3.0,Prefers work that is routine,118510.0,3.0,"Is outgoing, sociable",118978.0,3.0,Is sometimes rude to others,119484.0,3.0,Makes plans and follows through with them,121194.0,3.0,Gets nervous easily,121672.0,3.0,"Likes to reflect, play with ideas",124870.0,4.0,Has few artistic interests,133898.0,3.0,Likes to cooperate with others,125529.0,2.0,Is easily distracted,127276.0,5.0,"Is sophisticated in art, music, or literature",130426.0,3.3,3.3,2.8,3.2,3.5,94,0
649977fc-284c-42f5-bce2-9da924cd3312,2294LduZO3kuXrenuBaq,2026-02-15T07:08:59.913Z,original-gpi,15,Female,Student,Other,Science ,,85,Regular,Somewhat,,5.85,3.44,1.39,Sattva,,,4.0,Is talkative,,15991.0,,,3.0,Tends to find fault with others,,21053.0,,,3.0,Does a thorough job,,23120.0,,,2.0,"Is depressed, blue",,24223.0,,,4.0,"Is original, comes up with new ideas",,27295.0,,,4.0,Is reserved,,28907.0,,,4.0,Is helpful and unselfish with others,,30436.0,,,3.0,Can be somewhat careless,,35050.0,,,5.0,"Is relaxed, handles stress well",,36910.0,,,5.0,Is curious about many different things,,38569.0,5.0,Is full of energy,40180.0,1.0,Starts quarrels with others,43057.0,3.0,Is a reliable worker,45222.0,3.0,Can be tense,46932.0,3.0,"Is ingenious, a deep thinker",48049.0,5.0,Generates a lot of enthusiasm,50283.0,5.0,Has a forgiving nature,51453.0,3.0,Tends to be disorganized,52503.0,3.0,Worries a lot,54277.0,4.0,Has an active imagination,56399.0,5.0,Tends to be quiet,58227.0,5.0,Is generally trusting,59683.0,3.0,Tends to be lazy,60804.0,5.0,"Is emotionally stable, not easily upset",62070.0,3.0,Is inventive,63493.0,3.0,Has an assertive personality,64847.0,3.0,Can be cold and aloof,66029.0,3.0,Perseveres until the task is finished,67715.0,3.0,Can be moody,69961.0,2.0,"Values artistic, aesthetic experiences",71701.0,4.0,"Is sometimes shy, inhibited",74542.0,4.0,Is considerate and kind to almost everyone,76430.0,3.0,Does things efficiently,78108.0,5.0,Remains calm in tense situations,80587.0,5.0,Prefers work that is routine,84365.0,2.0,"Is outgoing, sociable",86981.0,1.0,Is sometimes rude to others,90266.0,3.0,Makes plans and follows through with them,93397.0,3.0,Gets nervous easily,94877.0,3.0,"Likes to reflect, play with ideas",96702.0,4.0,Has few artistic interests,100068.0,5.0,Likes to cooperate with others,101322.0,3.0,Is easily distracted,103325.0,4.0,"Is sophisticated in art, music, or literature",107133.0,2.1,3.0,3.0,4.3,3.1,87,0
aa104182-cf3e-48c6-8b75-d07db11e2b43,2thZwJyiF6KbZqQrCq4F,2026-02-14T17:14:52.950Z,original-gpi,22,Female,Working Professional,UG (Completed),,,,Never,Not at all,,3.26,4.28,4.00,Rajas,,,2.0,,,,,,5.0,,,,,,2.0,,,,,,3.0,,,,,,2.0,,,,,,4.0,,,,,,4.0,,,,,,5.0,,,,,,4.0,,,,,,4.0,,,,2.0,,,2.0,,,2.0,,,4.0,,,3.0,,,4.0,,,5.0,,,4.0,,,5.0,,,2.0,,,5.0,,,5.0,,,5.0,,,2.0,,,2.0,,,3.0,,,2.0,,,2.0,,,4.0,,,5.0,,,4.0,,,4.0,,,2.0,,,4.0,,,4.0,,,2.0,,,4.0,,,1.0,,,4.0,,,2.0,,,4.0,,,4.0,,,5.0,,,4.0,,,3.5,1.6,2.3,3.7,2.8,0,0
77ce4bcd-3fa7-4c08-9961-691809a64a7c,3t3lxd6win1J4bMJKnAO,2026-02-14T05:16:50.160Z,original-gpi,50,Male,Working Professional,PG (Completed),,,,Regular,Somewhat,,4.96,3.32,3.11,Sattva,,,,,,,,,,,,,,,,,,,,,,,,,,,4.0,"Is original, comes up with new ideas",,11367.0,,,5.0,Is reserved,,16165.0,,,4.0,Is helpful and unselfish with others,,20482.0,,,4.0,Can be somewhat careless,,25315.0,,,2.0,"Is relaxed, handles stress well",,31632.0,,,5.0,Is curious about many different things,,35864.0,2.0,Is full of energy,37866.0,1.0,Starts quarrels with others,40965.0,4.0,Is a reliable worker,45450.0,4.0,Can be tense,48833.0,4.0,"Is ingenious, a deep thinker",55452.0,2.0,Generates a lot of enthusiasm,61966.0,4.0,Has a forgiving nature,64966.0,4.0,Tends to be disorganized,67882.0,4.0,Worries a lot,70865.0,5.0,Has an active imagination,75783.0,5.0,Tends to be quiet,80366.0,4.0,Is generally trusting,84349.0,4.0,Tends to be lazy,87115.0,2.0,"Is emotionally stable, not easily upset",195499.0,2.0,Is inventive,94550.0,2.0,Has an assertive personality,96998.0,4.0,Can be cold and aloof,101199.0,4.0,Perseveres until the task is finished,107165.0,4.0,Can be moody,109681.0,5.0,"Values artistic, aesthetic experiences",114048.0,5.0,"Is sometimes shy, inhibited",117614.0,4.0,Is considerate and kind to almost everyone,122266.0,2.0,Does things efficiently,125616.0,2.0,Remains calm in tense situations,129382.0,3.0,Prefers work that is routine,135581.0,2.0,"Is outgoing, sociable",139615.0,2.0,Is sometimes rude to others,144315.0,2.0,Makes plans and follows through with them,148248.0,2.0,Gets nervous easily,152831.0,5.0,"Likes to reflect, play with ideas",162730.0,4.0,Has few artistic interests,168148.0,4.0,Likes to cooperate with others,170914.0,4.0,Is easily distracted,173331.0,4.0,"Is sophisticated in art, music, or literature",177048.0,3.5,2.4,1.6,3.9,3.9,0,0
cc20648a-b9bf-4d01-8bc9-422f25407d92,4lbiOXZqoDbRSEdaIuUS,2026-02-15T06:17:28.699Z,original-gpi,21,Male,Homemaker,UG (Pursuing),,,,Rarely,Somewhat,,3.56,3.16,4.00,Tamas,,,4.0,,,,,,4.0,,,,,,3.0,,,,,,3.0,,,,,,4.0,,,,,,3.0,,,,,,4.0,,,,,,4.0,,,,,,3.0,,,,,,4.0,,,,3.0,,,4.0,,,3.0,,,4.0,,,3.0,,,4.0,,,3.0,,,4.0,,,4.0,,,3.0,,,3.0,,,2.0,,,4.0,,,4.0,,,1.0,,,2.0,,,3.0,,,4.0,,,3.0,,,2.0,,,3.0,,,4.0,,,3.0,,,3.0,,,3.0,,,3.0,,,3.0,,,4.0,,,4.0,,,3.0,,,3.0,,,3.0,,,2.0,,,2.0,,,3.3,3.0,3.1,2.9,2.8,0,0
e18a5e9d-1524-4397-bf6d-146bfdd0c2d5,5S57KV5CVWm71Guf3cfQ,2026-02-15T06:47:51.112Z,original-gpi,18,Male,Student,UG (Pursuing),EE,1,10,Never,Somewhat,,4.30,5.20,3.50,Rajas,,,2.0,Is talkative,,4785.0,,,4.0,Tends to find fault with others,,8386.0,,,5.0,Does a thorough job,,13197.0,,,3.0,"Is depressed, blue",,18177.0,,,3.0,"Is original, comes up with new ideas",,21210.0,,,4.0,Is reserved,,37956.0,,,5.0,Is helpful and unselfish with others,,40789.0,,,4.0,Can be somewhat careless,,43885.0,,,4.0,"Is relaxed, handles stress well",,56691.0,,,5.0,Is curious about many different things,,58985.0,3.0,Is full of energy,61520.0,1.0,Starts quarrels with others,68182.0,5.0,Is a reliable worker,69615.0,4.0,Can be tense,71237.0,5.0,"Is ingenious, a deep thinker",73026.0,4.0,Generates a lot of enthusiasm,75827.0,5.0,Has a forgiving nature,77815.0,4.0,Tends to be disorganized,81999.0,4.0,Worries a lot,82899.0,5.0,Has an active imagination,96539.0,5.0,Tends to be quiet,94687.0,2.0,Is generally trusting,109852.0,3.0,Tends to be lazy,105278.0,2.0,"Is emotionally stable, not easily upset",116885.0,5.0,Is inventive,118674.0,3.0,Has an assertive personality,122615.0,4.0,Can be cold and aloof,125180.0,5.0,Perseveres until the task is finished,131909.0,3.0,Can be moody,134064.0,3.0,"Values artistic, aesthetic experiences",138193.0,4.0,"Is sometimes shy, inhibited",140582.0,5.0,Is considerate and kind to almost everyone,141827.0,3.0,Does things efficiently,146127.0,4.0,Remains calm in tense situations,154795.0,3.0,Prefers work that is routine,164905.0,2.0,"Is outgoing, sociable",168517.0,1.0,Is sometimes rude to others,170612.0,3.0,Makes plans and follows through with them,174168.0,4.0,Gets nervous easily,182425.0,4.0,"Likes to reflect, play with ideas",184125.0,2.0,Has few artistic interests,191058.0,5.0,Likes to cooperate with others,193209.0,4.0,Is easily distracted,195332.0,1.0,"Is sophisticated in art, music, or literature",198931.0,3.3,3.3,2.4,4.0,3.8,101,1
b5a8e366-0414-4969-aa70-3026a0b1e994,5ycdKVAL2t6eik5J80HJ,2026-02-12T08:20:47.212Z,,21,Female,Working Professional,High School,,,,Occasional,Somewhat,,3.21,3.06,2.93,Sattva,2.0,,,,,,3.0,,,,,,2.0,,,,,,2.0,,,,,,3.0,,,,,,2.0,,,,,,3.0,,,,,,2.0,,,,,,3.0,,,,,,3.0,,,,,,,,,,,,,,,,,,,,,,,,,,,,,,,,,,,,,,,,,,,,,,,,,,,,,,,,,,,,,,,,,,,,,,,,,,,,,,,,,,,,,,,,,,,,,,,,,,,,,,,,,,,,3.5,3.0,3.0,3.0,3.0,57,0
227819a6-db5d-4470-9506-0a6061aa2c95,67Cr8frFiyI9p9oxmOrn,2026-02-13T03:54:26.720Z,original-gpi,22,Male,Student,UG (Pursuing),Earth Sciences,3,9,Regular,Somewhat,,4.63,4.80,3.39,Rajas,4.0,I see myself as someone who is reserved.,,,10185.0,,5.0,I see myself as someone who is generally trusting.,,,14951.0,,4.0,I see myself as someone who tends to be lazy.,,,18693.0,,5.0,"I see myself as someone who is relaxed, handles stress well.",,,22777.0,,3.0,I see myself as someone who has few artistic interests.,,,26684.0,,2.0,"I see myself as someone who is outgoing, sociable.",,,30319.0,,4.0,I see myself as someone who tends to find fault with others.,,,36158.0,,4.0,I see myself as someone who does a thorough job.,,,40181.0,,2.0,I see myself as someone who gets nervous easily.,,,46754.0,,5.0,I see myself as someone who has an active imagination.,,,50022.0,,,,,,,,,,,,,,,,,,,,,,,,,,,,,,,,,,,,,,,,,,,,,,,,,,,,,,,,,,,,,,,,,,,,,,,,,,,,,,,,,,,,,,,,,,,,,,,,,,,,,,,,1.5,3.0,2.0,3.5,4.0,102,0
2848bb34-cbbe-4f51-bf84-edb1debaa5e6,6al4pTrPWzIkoAQg6ZG5,2026-02-13T10:53:59.460Z,original-gpi,37,Female,Homemaker,PG (Completed),,,,Regular,Very Familiar,,4.63,3.60,3.00,Sattva,,,4.0,Is talkative,,13843.0,,,4.0,Tends to find fault with others,,16891.0,,,3.0,Does a thorough job,,21416.0,,,2.0,"Is depressed, blue",,26165.0,,,4.0,"Is original, comes up with new ideas",,29681.0,,,5.0,Is reserved,,32613.0,,,5.0,Is helpful and unselfish with others,,35821.0,,,4.0,Can be somewhat careless,,39402.0,,,3.0,"Is relaxed, handles stress well",,43965.0,,,2.0,Is curious about many different things,,48234.0,2.0,Is full of energy,51213.0,2.0,Starts quarrels with others,56879.0,4.0,Is a reliable worker,60356.0,4.0,Can be tense,63266.0,2.0,"Is ingenious, a deep thinker",68182.0,2.0,Generates a lot of enthusiasm,70998.0,5.0,Has a forgiving nature,75058.0,4.0,Tends to be disorganized,77667.0,4.0,Worries a lot,80174.0,4.0,Has an active imagination,83006.0,5.0,Tends to be quiet,85193.0,5.0,Is generally trusting,87802.0,2.0,Tends to be lazy,90328.0,1.0,"Is emotionally stable, not easily upset",95395.0,4.0,Is inventive,97903.0,1.0,Has an assertive personality,100713.0,1.0,Can be cold and aloof,106369.0,4.0,Perseveres until the task is finished,110496.0,4.0,Can be moody,112583.0,4.0,"Values artistic, aesthetic experiences",117486.0,4.0,"Is sometimes shy, inhibited",119263.0,5.0,Is considerate and kind to almost everyone,122855.0,4.0,Does things efficiently,125513.0,2.0,Remains calm in tense situations,130546.0,5.0,Prefers work that is routine,133846.0,4.0,"Is outgoing, sociable",136684.0,1.0,Is sometimes rude to others,139394.0,4.0,Makes plans and follows through with them,142571.0,4.0,Gets nervous easily,145150.0,2.0,"Likes to reflect, play with ideas",150595.0,2.0,Has few artistic interests,153323.0,4.0,Likes to cooperate with others,155849.0,2.0,Is easily distracted,160882.0,4.0,"Is sophisticated in art, music, or literature",165177.0,0.0,0.0,0.0,0.0,0.0,95,0
cc20648a-b9bf-4d01-8bc9-422f25407d92,6bn65D3PeaXSZG6fxzaI,2026-02-15T06:30:16.186Z,original-gpi,21,Male,Homemaker,UG (Pursuing),,,,Rarely,Somewhat,,3.44,3.16,4.07,Tamas,,,4.0,,,,,,4.0,,,,,,3.0,,,,,,3.0,,,,,,4.0,,,,,,4.0,,,,,,4.0,,,,,,4.0,,,,,,3.0,,,,,,4.0,,,,3.0,,,4.0,,,3.0,,,4.0,,,3.0,,,4.0,,,3.0,,,4.0,,,4.0,,,3.0,,,3.0,,,2.0,,,4.0,,,4.0,,,1.0,,,2.0,,,3.0,,,4.0,,,3.0,,,2.0,,,3.0,,,4.0,,,3.0,,,3.0,,,3.0,,,3.0,,,3.0,,,4.0,,,4.0,,,3.0,,,3.0,,,3.0,,,2.0,,,2.0,,,3.3,3.0,3.0,2.9,2.8,0,0
dfc42822-4f37-47ee-b214-c6de7eeeb65a,7D7TDn6P5dYRMOD8q0uz,2026-02-13T06:43:29.535Z,original-gpi,21,Male,Student,High School,Electrical Engineering ,2,9,Occasional,Very Familiar,,4.00,3.72,3.75,Sattva,4.0,I see myself as someone who is reserved.,,,2632.0,,1.0,I see myself as someone who is generally trusting.,,,4889.0,,2.0,I see myself as someone who tends to be lazy.,,,16747.0,,3.0,"I see myself as someone who is relaxed, handles stress well.",,,6689.0,,1.0,I see myself as someone who has few artistic interests.,,,7634.0,,3.0,"I see myself as someone who is outgoing, sociable.",,,9321.0,,2.0,I see myself as someone who tends to find fault with others.,,,9914.0,,2.0,I see myself as someone who does a thorough job.,,,11061.0,,3.0,I see myself as someone who gets nervous easily.,,,11759.0,,4.0,I see myself as someone who has an active imagination.,,,12645.0,,,,,,,,,,,,,,,,,,,,,,,,,,,,,,,,,,,,,,,,,,,,,,,,,,,,,,,,,,,,,,,,,,,,,,,,,,,,,,,,,,,,,,,,,,,,,,,,,,,,,,,,3.0,3.0,2.5,2.5,4.5,80,0
0a62cef7-e030-4ecc-a3eb-8ba0d354cc05,7Tk5BlBBynZ82BtfUWq8,2026-02-14T07:28:01.842Z,original-gpi,55,Female,Working Professional,PhD,,,,Never,Somewhat,,4.70,3.68,3.29,Sattva,,,5.0,Is talkative,,22311.0,,,2.0,Tends to find fault with others,,27561.0,,,4.0,Does a thorough job,,35070.0,,,4.0,"Is depressed, blue",,38143.0,,,5.0,"Is original, comes up with new ideas",,41343.0,,,2.0,Is reserved,,44701.0,,,5.0,Is helpful and unselfish with others,,49074.0,,,4.0,Can be somewhat careless,,58519.0,,,4.0,"Is relaxed, handles stress well",,61416.0,,,5.0,Is curious about many different things,,63997.0,2.0,Is full of energy,67552.0,1.0,Starts quarrels with others,71923.0,4.0,Is a reliable worker,74499.0,4.0,Can be tense,76688.0,4.0,"Is ingenious, a deep thinker",78700.0,4.0,Generates a lot of enthusiasm,83049.0,4.0,Has a forgiving nature,85123.0,4.0,Tends to be disorganized,88212.0,4.0,Worries a lot,90654.0,4.0,Has an active imagination,93532.0,4.0,Tends to be quiet,95300.0,4.0,Is generally trusting,97667.0,4.0,Tends to be lazy,99591.0,4.0,"Is emotionally stable, not easily upset",102964.0,4.0,Is inventive,114950.0,2.0,Has an assertive personality,126085.0,4.0,Can be cold and aloof,131129.0,4.0,Perseveres until the task is finished,134469.0,4.0,Can be moody,136212.0,5.0,"Values artistic, aesthetic experiences",140238.0,4.0,"Is sometimes shy, inhibited",142699.0,4.0,Is considerate and kind to almost everyone,148640.0,4.0,Does things efficiently,150547.0,4.0,Remains calm in tense situations,154313.0,4.0,Prefers work that is routine,160380.0,4.0,"Is outgoing, sociable",162120.0,2.0,Is sometimes rude to others,164013.0,2.0,Makes plans and follows through with them,168500.0,2.0,Gets nervous easily,171946.0,4.0,"Likes to reflect, play with ideas",175695.0,4.0,Has few artistic interests,178061.0,4.0,Likes to cooperate with others,179785.0,2.0,Is easily distracted,182556.0,4.0,"Is sophisticated in art, music, or literature",186063.0,3.0,3.1,3.1,4.0,3.9,83,0
6f67e02f-f7ee-49c3-a41e-46f05d340e9e,7woVX93ppzV2H1Fdr1Rj,2026-02-14T13:23:10.005Z,original-gpi,20,Male,Student,UG (Pursuing),Computer science and engineering ,4,7.6,Regular,Somewhat,,4.33,3.64,2.18,Sattva,,,1.0,Is talkative,,15502.0,,,2.0,Tends to find fault with others,,43604.0,,,4.0,Does a thorough job,,52111.0,,,3.0,"Is depressed, blue",,67631.0,,,5.0,"Is original, comes up with new ideas",,108298.0,,,3.0,Is reserved,,110941.0,,,4.0,Is helpful and unselfish with others,,116759.0,,,4.0,Can be somewhat careless,,122733.0,,,3.0,"Is relaxed, handles stress well",,126316.0,,,5.0,Is curious about many different things,,131124.0,4.0,Is full of energy,132857.0,1.0,Starts quarrels with others,139268.0,4.0,Is a reliable worker,142070.0,4.0,Can be tense,143575.0,4.0,"Is ingenious, a deep thinker",146646.0,3.0,Generates a lot of enthusiasm,149335.0,4.0,Has a forgiving nature,153724.0,4.0,Tends to be disorganized,160099.0,4.0,Worries a lot,163152.0,5.0,Has an active imagination,165392.0,5.0,Tends to be quiet,167844.0,5.0,Is generally trusting,170939.0,4.0,Tends to be lazy,172645.0,3.0,"Is emotionally stable, not easily upset",178514.0,3.0,Is inventive,185295.0,4.0,Has an assertive personality,194252.0,2.0,Can be cold and aloof,210226.0,3.0,Perseveres until the task is finished,232747.0,3.0,Can be moody,246585.0,4.0,"Values artistic, aesthetic experiences",251518.0,5.0,"Is sometimes shy, inhibited",253809.0,4.0,Is considerate and kind to almost everyone,266830.0,4.0,Does things efficiently,270125.0,1.0,Remains calm in tense situations,279041.0,3.0,Prefers work that is routine,285915.0,2.0,"Is outgoing, sociable",289142.0,2.0,Is sometimes rude to others,293636.0,2.0,Makes plans and follows through with them,301794.0,3.0,Gets nervous easily,304472.0,4.0,"Likes to reflect, play with ideas",317535.0,3.0,Has few artistic interests,321899.0,4.0,Likes to cooperate with others,323880.0,4.0,Is easily distracted,327019.0,3.0,"Is sophisticated in art, music, or literature",330306.0,3.5,2.8,2.4,4.2,3.9,102,0
96eaf20a-9328-4961-93b5-3ed9aac21603,85wBP0E2bzSvt7R38vYJ,2026-02-15T07:10:58.396Z,original-gpi,21,Male,Student,UG (Pursuing),Statistics and Data science ,4,6.7,Never,Heard of it,,4.15,4.64,4.39,Rajas,,,2.0,Is talkative,,8281.0,,,4.0,Tends to find fault with others,,11930.0,,,5.0,Does a thorough job,,14386.0,,,4.0,"Is depressed, blue",,19924.0,,,5.0,"Is original, comes up with new ideas",,22979.0,,,5.0,Is reserved,,25974.0,,,4.0,Is helpful and unselfish with others,,31666.0,,,4.0,Can be somewhat careless,,33781.0,,,4.0,"Is relaxed, handles stress well",,36052.0,,,5.0,Is curious about many different things,,37817.0,2.0,Is full of energy,39632.0,1.0,Starts quarrels with others,43288.0,5.0,Is a reliable worker,45129.0,2.0,Can be tense,46690.0,4.0,"Is ingenious, a deep thinker",48894.0,5.0,Generates a lot of enthusiasm,52834.0,5.0,Has a forgiving nature,55355.0,1.0,Tends to be disorganized,57488.0,5.0,Worries a lot,58904.0,4.0,Has an active imagination,62074.0,5.0,Tends to be quiet,63584.0,5.0,Is generally trusting,64766.0,5.0,Tends to be lazy,66071.0,1.0,"Is emotionally stable, not easily upset",71496.0,3.0,Is inventive,74804.0,3.0,Has an assertive personality,79366.0,1.0,Can be cold and aloof,81829.0,5.0,Perseveres until the task is finished,86348.0,5.0,Can be moody,88480.0,4.0,"Values artistic, aesthetic experiences",91684.0,5.0,"Is sometimes shy, inhibited",94195.0,5.0,Is considerate and kind to almost everyone,97022.0,4.0,Does things efficiently,103379.0,4.0,Remains calm in tense situations,104676.0,5.0,Prefers work that is routine,110162.0,3.0,"Is outgoing, sociable",113296.0,1.0,Is sometimes rude to others,115357.0,5.0,Makes plans and follows through with them,118073.0,4.0,Gets nervous easily,120257.0,5.0,"Likes to reflect, play with ideas",122333.0,5.0,Has few artistic interests,124213.0,5.0,Likes to cooperate with others,126060.0,5.0,Is easily distracted,130819.0,3.0,"Is sophisticated in art, music, or literature",133816.0,3.6,3.7,2.3,4.6,3.5,98,1
fc400b8c-8d92-4996-b1a9-3d92793a3dd3,8EhICo9W2V7lYz2Ssx4a,2026-02-14T09:14:24.729Z,original-gpi,35,Female,Working Professional,UG (Completed),,,,Regular,Very Familiar,,5.93,3.00,2.39,Sattva,,,4.0,Is talkative,,12368.0,,,1.0,Tends to find fault with others,,14950.0,,,5.0,Does a thorough job,,19626.0,,,2.0,"Is depressed, blue",,24452.0,,,5.0,"Is original, comes up with new ideas",,27900.0,,,4.0,Is reserved,,29822.0,,,4.0,Is helpful and unselfish with others,,35508.0,,,1.0,Can be somewhat careless,,38415.0,,,5.0,"Is relaxed, handles stress well",,41796.0,,,5.0,Is curious about many different things,,44613.0,5.0,Is full of energy,47580.0,1.0,Starts quarrels with others,49247.0,5.0,Is a reliable worker,51938.0,4.0,Can be tense,54135.0,5.0,"Is ingenious, a deep thinker",57120.0,5.0,Generates a lot of enthusiasm,59774.0,5.0,Has a forgiving nature,62033.0,1.0,Tends to be disorganized,74706.0,5.0,Worries a lot,82324.0,5.0,Has an active imagination,91708.0,5.0,Tends to be quiet,93530.0,5.0,Is generally trusting,95301.0,1.0,Tends to be lazy,96780.0,4.0,"Is emotionally stable, not easily upset",100726.0,4.0,Is inventive,102911.0,1.0,Has an assertive personality,105680.0,1.0,Can be cold and aloof,108562.0,1.0,Perseveres until the task is finished,115609.0,1.0,Can be moody,117175.0,5.0,"Values artistic, aesthetic experiences",120309.0,4.0,"Is sometimes shy, inhibited",124710.0,4.0,Is considerate and kind to almost everyone,127498.0,5.0,Does things efficiently,130332.0,5.0,Remains calm in tense situations,134783.0,5.0,Prefers work that is routine,136583.0,4.0,"Is outgoing, sociable",140671.0,1.0,Is sometimes rude to others,142255.0,4.0,Makes plans and follows through with them,150044.0,4.0,Gets nervous easily,152636.0,4.0,"Likes to reflect, play with ideas",165888.0,4.0,Has few artistic interests,168842.0,5.0,Likes to cooperate with others,172859.0,1.0,Is easily distracted,175181.0,5.0,"Is sophisticated in art, music, or literature",181362.0,2.5,4.4,3.0,4.8,4.1,84,0
cc20648a-b9bf-4d01-8bc9-422f25407d92,8UApsF0STAWiMKT3gJ9i,2026-02-15T05:29:41.429Z,original-gpi,21,Male,Homemaker,UG (Pursuing),,,,Rarely,Somewhat,,3.56,3.16,4.00,Tamas,,,4.0,,,,,,4.0,,,,,,3.0,,,,,,3.0,,,,,,4.0,,,,,,3.0,,,,,,4.0,,,,,,4.0,,,,,,3.0,,,,,,4.0,,,,3.0,,,4.0,,,3.0,,,4.0,,,3.0,,,4.0,,,3.0,,,4.0,,,4.0,,,3.0,,,3.0,,,2.0,,,4.0,,,4.0,,,1.0,,,2.0,,,3.0,,,4.0,,,3.0,,,2.0,,,3.0,,,4.0,,,3.0,,,3.0,,,3.0,,,3.0,,,3.0,,,4.0,,,4.0,,,3.0,,,3.0,,,3.0,,,2.0,,,2.0,,,3.3,3.0,3.1,2.9,2.8,0,1
0698f814-f7e3-4a4c-8c8f-d806cccab777,8uBHluZp98WfzJgWMdKC,2026-02-14T15:31:17.188Z,original-gpi,20,Female,Student,UG (Pursuing),Biotechnology,1,3.9,Regular,Very Familiar,,5.56,3.56,2.29,Sattva,,,3.0,Is talkative,,10630.0,,,2.0,Tends to find fault with others,,14323.0,,,2.0,Does a thorough job,,17817.0,,,2.0,"Is depressed, blue",,21734.0,,,3.0,"Is original, comes up with new ideas",,27662.0,,,4.0,Is reserved,,30671.0,,,3.0,Is helpful and unselfish with others,,33861.0,,,2.0,Can be somewhat careless,,36989.0,,,3.0,"Is relaxed, handles stress well",,41067.0,,,4.0,Is curious about many different things,,46637.0,3.0,Is full of energy,48153.0,2.0,Starts quarrels with others,51737.0,4.0,Is a reliable worker,54831.0,4.0,Can be tense,57077.0,3.0,"Is ingenious, a deep thinker",59267.0,3.0,Generates a lot of enthusiasm,61557.0,4.0,Has a forgiving nature,66109.0,1.0,Tends to be disorganized,69748.0,4.0,Worries a lot,86016.0,4.0,Has an active imagination,82428.0,4.0,Tends to be quiet,97350.0,5.0,Is generally trusting,95583.0,3.0,Tends to be lazy,100152.0,2.0,"Is emotionally stable, not easily upset",107075.0,3.0,Is inventive,111339.0,2.0,Has an assertive personality,113945.0,2.0,Can be cold and aloof,118236.0,4.0,Perseveres until the task is finished,122172.0,4.0,Can be moody,124501.0,4.0,"Values artistic, aesthetic experiences",126474.0,4.0,"Is sometimes shy, inhibited",129271.0,4.0,Is considerate and kind to almost everyone,131454.0,4.0,Does things efficiently,134274.0,3.0,Remains calm in tense situations,136689.0,4.0,Prefers work that is routine,139914.0,4.0,"Is outgoing, sociable",141245.0,2.0,Is sometimes rude to others,144050.0,4.0,Makes plans and follows through with them,150020.0,4.0,Gets nervous easily,151733.0,4.0,"Likes to reflect, play with ideas",154177.0,4.0,Has few artistic interests,158000.0,4.0,Likes to cooperate with others,159637.0,2.0,Is easily distracted,162542.0,4.0,"Is sophisticated in art, music, or literature",166710.0,3.5,3.8,2.6,4.0,3.3,87,0
557e6428-cec3-4aa5-8f7d-16214eee1ffc,92XYVXQFCoDEiQAm5YAZ,2026-02-14T04:39:16.623Z,original-gpi,20,Male,Working Professional,PhD,,,,Rarely,Heard of it,,4.11,3.72,3.89,Sattva,,,5.0,Is talkative,,7210.0,,,2.0,Tends to find fault with others,,9635.0,,,2.0,Does a thorough job,,11298.0,,,5.0,"Is depressed, blue",,13346.0,,,3.0,"Is original, comes up with new ideas",,17978.0,,,5.0,Is reserved,,19787.0,,,5.0,Is helpful and unselfish with others,,21136.0,,,5.0,Can be somewhat careless,,22932.0,,,5.0,"Is relaxed, handles stress well",,24345.0,,,5.0,Is curious about many different things,,27023.0,5.0,Is full of energy,28346.0,5.0,Starts quarrels with others,30431.0,4.0,Is a reliable worker,33712.0,5.0,Can be tense,35478.0,5.0,"Is ingenious, a deep thinker",43302.0,3.0,Generates a lot of enthusiasm,38475.0,5.0,Has a forgiving nature,45750.0,5.0,Tends to be disorganized,48875.0,5.0,Worries a lot,50461.0,5.0,Has an active imagination,53541.0,5.0,Tends to be quiet,57435.0,5.0,Is generally trusting,58994.0,2.0,Tends to be lazy,117099.0,2.0,"Is emotionally stable, not easily upset",63449.0,5.0,Is inventive,65469.0,4.0,Has an assertive personality,66738.0,1.0,Can be cold and aloof,68206.0,4.0,Perseveres until the task is finished,69775.0,4.0,Can be moody,71277.0,1.0,"Values artistic, aesthetic experiences",72840.0,4.0,"Is sometimes shy, inhibited",76973.0,2.0,Is considerate and kind to almost everyone,121327.0,5.0,Does things efficiently,79760.0,5.0,Remains calm in tense situations,81557.0,5.0,Prefers work that is routine,82892.0,5.0,"Is outgoing, sociable",84731.0,5.0,Is sometimes rude to others,86986.0,5.0,Makes plans and follows through with them,88314.0,5.0,Gets nervous easily,89955.0,5.0,"Likes to reflect, play with ideas",92769.0,5.0,Has few artistic interests,94726.0,5.0,Likes to cooperate with others,97270.0,4.0,Is easily distracted,99438.0,4.0,"Is sophisticated in art, music, or literature",101875.0,3.8,3.1,3.3,3.7,3.5,80,1
dbaf56b6-8c62-454d-889a-8b19d41b0a57,9BjKEAKpyv0IWx22g7qt,2026-02-12T08:06:00.015Z,,21,Female,,,Electrical Engineering ,4,8.6,,,,,,,,2.0,,,,,,3.0,,,,,,2.0,,,,,,3.0,,,,,,4.0,,,,,,3.0,,,,,,2.0,,,,,,3.0,,,,,,3.0,,,,,,4.0,,,,,,,,,,,,,,,,,,,,,,,,,,,,,,,,,,,,,,,,,,,,,,,,,,,,,,,,,,,,,,,,,,,,,,,,,,,,,,,,,,,,,,,,,,,,,,,,,,,,,,,,,,,,,,,,,57,0
11ffb200-2470-4483-a8b6-eba7319533f1,9V7ShfFZt6p6XRJ7vvwd,2026-02-14T15:53:35.286Z,original-gpi,14,Male,Student,Other,,,62,Rarely,Heard of it,,5.33,3.28,3.82,Sattva,,,5.0,Is talkative,,33459.0,,,4.0,Tends to find fault with others,,41130.0,,,1.0,Does a thorough job,,44648.0,,,5.0,"Is depressed, blue",,49750.0,,,5.0,"Is original, comes up with new ideas",,59622.0,,,5.0,Is reserved,,64672.0,,,5.0,Is helpful and unselfish with others,,75561.0,,,1.0,Can be somewhat careless,,80250.0,,,1.0,"Is relaxed, handles stress well",,85869.0,,,3.0,Is curious about many different things,,99847.0,3.0,Is full of energy,104168.0,1.0,Starts quarrels with others,108484.0,5.0,Is a reliable worker,115567.0,3.0,Can be tense,123864.0,5.0,"Is ingenious, a deep thinker",134458.0,5.0,Generates a lot of enthusiasm,138660.0,1.0,Has a forgiving nature,147544.0,1.0,Tends to be disorganized,155923.0,5.0,Worries a lot,157895.0,5.0,Has an active imagination,161524.0,5.0,Tends to be quiet,163524.0,5.0,Is generally trusting,167438.0,4.0,Tends to be lazy,170760.0,1.0,"Is emotionally stable, not easily upset",179527.0,5.0,Is inventive,182624.0,3.0,Has an assertive personality,189138.0,3.0,Can be cold and aloof,199194.0,5.0,Perseveres until the task is finished,213681.0,5.0,Can be moody,216059.0,5.0,"Values artistic, aesthetic experiences",222105.0,5.0,"Is sometimes shy, inhibited",225810.0,5.0,Is considerate and kind to almost everyone,229487.0,5.0,Does things efficiently,232090.0,5.0,Remains calm in tense situations,237465.0,5.0,Prefers work that is routine,263641.0,4.0,"Is outgoing, sociable",273500.0,3.0,Is sometimes rude to others,278789.0,2.0,Makes plans and follows through with them,286786.0,5.0,Gets nervous easily,290312.0,5.0,"Likes to reflect, play with ideas",295998.0,5.0,Has few artistic interests,298264.0,5.0,Likes to cooperate with others,300939.0,4.0,Is easily distracted,305501.0,5.0,"Is sophisticated in art, music, or literature",310978.0,4.3,3.6,2.9,3.8,4.0,0,0
c643ba9b-26ea-4ca5-90fc-7a6d9074e26e,9xt596ujAeKoagb0xm4f,2026-02-14T13:54:39.345Z,original-gpi,22,Female,Student,UG (Pursuing),Computer Science ,4,75,Never,Not at all,,3.85,3.96,3.04,Rajas,,,3.0,Is talkative,,179465.0,,,1.0,Tends to find fault with others,,176153.0,,,4.0,Does a thorough job,,171952.0,,,2.0,"Is depressed, blue",,168556.0,,,5.0,"Is original, comes up with new ideas",,164600.0,,,5.0,Is reserved,,161971.0,,,5.0,Is helpful and unselfish with others,,160398.0,,,4.0,Can be somewhat careless,,156384.0,,,3.0,"Is relaxed, handles stress well",,153638.0,,,5.0,Is curious about many different things,,151815.0,3.0,Is full of energy,149717.0,1.0,Starts quarrels with others,147479.0,5.0,Is a reliable worker,145742.0,3.0,Can be tense,143370.0,3.0,"Is ingenious, a deep thinker",140089.0,5.0,Generates a lot of enthusiasm,137038.0,5.0,Has a forgiving nature,128607.0,4.0,Tends to be disorganized,125502.0,3.0,Worries a lot,97784.0,5.0,Has an active imagination,91710.0,5.0,Tends to be quiet,89689.0,4.0,Is generally trusting,85789.0,5.0,Tends to be lazy,81503.0,5.0,"Is emotionally stable, not easily upset",79499.0,5.0,Is inventive,75102.0,1.0,Has an assertive personality,71889.0,1.0,Can be cold and aloof,68416.0,5.0,Perseveres until the task is finished,64410.0,3.0,Can be moody,61684.0,5.0,"Values artistic, aesthetic experiences",58966.0,5.0,"Is sometimes shy, inhibited",56459.0,5.0,Is considerate and kind to almost everyone,54739.0,3.0,Does things efficiently,49575.0,3.0,Remains calm in tense situations,47635.0,5.0,Prefers work that is routine,40583.0,3.0,"Is outgoing, sociable",38280.0,1.0,Is sometimes rude to others,35672.0,3.0,Makes plans and follows through with them,33500.0,4.0,Gets nervous easily,31144.0,5.0,"Likes to reflect, play with ideas",28750.0,3.0,Has few artistic interests,26582.0,5.0,Likes to cooperate with others,22093.0,3.0,Is easily distracted,19602.0,5.0,"Is sophisticated in art, music, or literature",16693.0,2.8,3.1,2.3,4.9,4.2,90,1
16b5ebc4-5b87-4612-9867-814a4614bc2d,AAS67Mug0KRaouJPRVkC,2026-02-13T05:00:36.440Z,original-gpi,22,Male,Student,UG (Pursuing),Electrical Engineering,3,7.9,Regular,Somewhat,,4.11,4.72,4.50,Rajas,5.0,I see myself as someone who is reserved.,,,64648.0,,5.0,I see myself as someone who is generally trusting.,,,96070.0,,4.0,I see myself as someone who tends to be lazy.,,,102253.0,,2.0,"I see myself as someone who is relaxed, handles stress well.",,,112986.0,,3.0,I see myself as someone who has few artistic interests.,,,130690.0,,2.0,"I see myself as someone who is outgoing, sociable.",,,211632.0,,5.0,I see myself as someone who tends to find fault with others.,,,220150.0,,4.0,I see myself as someone who does a thorough job.,,,249434.0,,4.0,I see myself as someone who gets nervous easily.,,,255870.0,,5.0,I see myself as someone who has an active imagination.,,,264369.0,,,,,,,,,,,,,,,,,,,,,,,,,,,,,,,,,,,,,,,,,,,,,,,,,,,,,,,,,,,,,,,,,,,,,,,,,,,,,,,,,,,,,,,,,,,,,,,,,,,,,,,,4.0,3.0,1.5,3.0,4.0,86,0
52107079-4dc0-4a36-bc6e-b30437d999ad,AWLRdM9uYa0tt1UVqWoH,2026-02-13T12:32:24.246Z,original-gpi,18,Female,Student,UG (Pursuing),Economics.,1,8,Regular,Very Familiar,,5.89,2.64,2.43,Sattva,,,4.0,Is talkative,,11369.0,,,4.0,Tends to find fault with others,,29124.0,,,2.0,Does a thorough job,,301757.0,,,1.0,"Is depressed, blue",,36748.0,,,4.0,"Is original, comes up with new ideas",,319701.0,,,1.0,Is reserved,,343067.0,,,5.0,Is helpful and unselfish with others,,350357.0,,,4.0,Can be somewhat careless,,357297.0,,,4.0,"Is relaxed, handles stress well",,362422.0,,,4.0,Is curious about many different things,,370176.0,4.0,Is full of energy,372851.0,4.0,Starts quarrels with others,382172.0,5.0,Is a reliable worker,390310.0,4.0,Can be tense,394442.0,5.0,"Is ingenious, a deep thinker",400608.0,4.0,Generates a lot of enthusiasm,405664.0,5.0,Has a forgiving nature,407883.0,4.0,Tends to be disorganized,411420.0,4.0,Worries a lot,413053.0,4.0,Has an active imagination,419247.0,2.0,Tends to be quiet,423060.0,5.0,Is generally trusting,428369.0,4.0,Tends to be lazy,432357.0,4.0,"Is emotionally stable, not easily upset",436630.0,4.0,Is inventive,443912.0,4.0,Has an assertive personality,456680.0,4.0,Can be cold and aloof,460854.0,2.0,Perseveres until the task is finished,467319.0,4.0,Can be moody,473916.0,4.0,"Values artistic, aesthetic experiences",484931.0,4.0,"Is sometimes shy, inhibited",487292.0,4.0,Is considerate and kind to almost everyone,493903.0,4.0,Does things efficiently,496788.0,4.0,Remains calm in tense situations,499093.0,4.0,Prefers work that is routine,508279.0,5.0,"Is outgoing, sociable",513092.0,4.0,Is sometimes rude to others,515850.0,2.0,Makes plans and follows through with them,523349.0,4.0,Gets nervous easily,526058.0,4.0,"Likes to reflect, play with ideas",532840.0,5.0,Has few artistic interests,541443.0,5.0,Likes to cooperate with others,542728.0,2.0,Is easily distracted,545484.0,4.0,"Is sophisticated in art, music, or literature",557251.0,0.0,0.0,0.0,0.0,0.0,7,1
a5add351-5a7a-44cd-a8c6-f1ed9a2dc46c,AsZV8q66DQDdtMdY8wXw,2026-02-14T12:52:01.161Z,original-gpi,62,Male,Retired,PhD,,,,Occasional,Very Familiar,,5.37,3.96,1.50,Sattva,,,1.0,Is talkative,,9421.0,,,1.0,Tends to find fault with others,,15496.0,,,3.0,Does a thorough job,,22733.0,,,1.0,"Is depressed, blue",,27344.0,,,4.0,"Is original, comes up with new ideas",,35817.0,,,4.0,Is reserved,,44833.0,,,5.0,Is helpful and unselfish with others,,52953.0,,,4.0,Can be somewhat careless,,57164.0,,,5.0,"Is relaxed, handles stress well",,63302.0,,,1.0,Is curious about many different things,,71726.0,5.0,Is full of energy,81158.0,1.0,Starts quarrels with others,83134.0,5.0,Is a reliable worker,86602.0,1.0,Can be tense,91261.0,5.0,"Is ingenious, a deep thinker",96251.0,5.0,Generates a lot of enthusiasm,101506.0,5.0,Has a forgiving nature,105074.0,1.0,Tends to be disorganized,119891.0,2.0,Worries a lot,122618.0,3.0,Has an active imagination,126657.0,5.0,Tends to be quiet,129658.0,3.0,Is generally trusting,132714.0,1.0,Tends to be lazy,135088.0,5.0,"Is emotionally stable, not easily upset",139314.0,4.0,Is inventive,142993.0,1.0,Has an assertive personality,296680.0,4.0,Can be cold and aloof,196535.0,5.0,Perseveres until the task is finished,204752.0,3.0,Can be moody,208564.0,5.0,"Values artistic, aesthetic experiences",211996.0,4.0,"Is sometimes shy, inhibited",215278.0,5.0,Is considerate and kind to almost everyone,218152.0,4.0,Does things efficiently,221497.0,5.0,Remains calm in tense situations,224939.0,5.0,Prefers work that is routine,230927.0,3.0,"Is outgoing, sociable",246846.0,1.0,Is sometimes rude to others,250845.0,2.0,Makes plans and follows through with them,255502.0,3.0,Gets nervous easily,261415.0,2.0,"Likes to reflect, play with ideas",267045.0,4.0,Has few artistic interests,270716.0,5.0,Likes to cooperate with others,273998.0,2.0,Is easily distracted,278562.0,3.0,"Is sophisticated in art, music, or literature",282966.0,1.6,3.9,2.5,4.4,3.0,83,1
cc20648a-b9bf-4d01-8bc9-422f25407d92,B32e2sC5Qph0733SZQ7P,2026-02-15T06:28:01.482Z,original-gpi,21,Male,Homemaker,UG (Pursuing),,,,Rarely,Somewhat,,3.44,3.16,4.07,Tamas,,,4.0,,,,,,4.0,,,,,,3.0,,,,,,3.0,,,,,,4.0,,,,,,4.0,,,,,,4.0,,,,,,4.0,,,,,,3.0,,,,,,4.0,,,,3.0,,,4.0,,,3.0,,,4.0,,,3.0,,,4.0,,,3.0,,,4.0,,,4.0,,,3.0,,,3.0,,,2.0,,,4.0,,,4.0,,,1.0,,,2.0,,,3.0,,,4.0,,,3.0,,,2.0,,,3.0,,,4.0,,,3.0,,,3.0,,,3.0,,,3.0,,,3.0,,,4.0,,,4.0,,,3.0,,,3.0,,,3.0,,,2.0,,,2.0,,,3.3,3.0,3.0,2.9,2.8,1,0
ab229f64-8f30-4ae6-840c-9dc85fea644b,B6OvOwMr8lL7F7LLjzQJ,2026-02-14T13:48:38.640Z,original-gpi,27,Male,Self-employed,UG (Completed),,,,Regular,Somewhat,,4.93,6.00,4.32,Rajas,,,4.0,Is talkative,,21000.0,,,4.0,Tends to find fault with others,,27134.0,,,4.0,Does a thorough job,,33721.0,,,4.0,"Is depressed, blue",,39018.0,,,4.0,"Is original, comes up with new ideas",,54117.0,,,4.0,Is reserved,,59384.0,,,3.0,Is helpful and unselfish with others,,68617.0,,,4.0,Can be somewhat careless,,73501.0,,,2.0,"Is relaxed, handles stress well",,81163.0,,,4.0,Is curious about many different things,,88970.0,3.0,Is full of energy,95670.0,1.0,Starts quarrels with others,101620.0,3.0,Is a reliable worker,110837.0,1.0,Can be tense,113319.0,5.0,"Is ingenious, a deep thinker",117168.0,4.0,Generates a lot of enthusiasm,122680.0,5.0,Has a forgiving nature,128015.0,3.0,Tends to be disorganized,133134.0,5.0,Worries a lot,138601.0,4.0,Has an active imagination,140970.0,4.0,Tends to be quiet,145320.0,3.0,Is generally trusting,151186.0,5.0,Tends to be lazy,153813.0,4.0,"Is emotionally stable, not easily upset",164701.0,3.0,Is inventive,167500.0,4.0,Has an assertive personality,170772.0,4.0,Can be cold and aloof,174118.0,4.0,Perseveres until the task is finished,181144.0,4.0,Can be moody,183516.0,3.0,"Values artistic, aesthetic experiences",189737.0,5.0,"Is sometimes shy, inhibited",192305.0,3.0,Is considerate and kind to almost everyone,195853.0,4.0,Does things efficiently,202661.0,3.0,Remains calm in tense situations,207080.0,4.0,Prefers work that is routine,211135.0,3.0,"Is outgoing, sociable",212520.0,3.0,Is sometimes rude to others,216305.0,3.0,Makes plans and follows through with them,219929.0,3.0,Gets nervous easily,223087.0,3.0,"Likes to reflect, play with ideas",226385.0,1.0,Has few artistic interests,231798.0,3.0,Likes to cooperate with others,235649.0,4.0,Is easily distracted,238082.0,4.0,"Is sophisticated in art, music, or literature",249666.0,3.3,2.9,2.9,3.2,3.7,88,0
48f48176-a7c0-4045-92e1-0a24ba18861f,BzhCWxdY0TwXqgEuk49v,2026-02-14T10:30:58.592Z,original-gpi,49,Male,Self-employed,PG (Completed),,,,Regular,Somewhat,,6.85,2.88,1.11,Sattva,,,1.0,Is talkative,,6902.0,,,3.0,Tends to find fault with others,,14539.0,,,5.0,Does a thorough job,,18978.0,,,1.0,"Is depressed, blue",,22794.0,,,5.0,"Is original, comes up with new ideas",,30013.0,,,5.0,Is reserved,,42300.0,,,5.0,Is helpful and unselfish with others,,47169.0,,,1.0,Can be somewhat careless,,52210.0,,,5.0,"Is relaxed, handles stress well",,58943.0,,,3.0,Is curious about many different things,,68433.0,5.0,Is full of energy,71973.0,1.0,Starts quarrels with others,75491.0,5.0,Is a reliable worker,78575.0,3.0,Can be tense,82732.0,5.0,"Is ingenious, a deep thinker",85703.0,5.0,Generates a lot of enthusiasm,88720.0,5.0,Has a forgiving nature,94448.0,1.0,Tends to be disorganized,97343.0,1.0,Worries a lot,99878.0,5.0,Has an active imagination,103742.0,5.0,Tends to be quiet,106676.0,5.0,Is generally trusting,109581.0,1.0,Tends to be lazy,112284.0,1.0,"Is emotionally stable, not easily upset",115928.0,5.0,Is inventive,119237.0,5.0,Has an assertive personality,122865.0,1.0,Can be cold and aloof,129124.0,5.0,Perseveres until the task is finished,135860.0,1.0,Can be moody,139169.0,5.0,"Values artistic, aesthetic experiences",143693.0,3.0,"Is sometimes shy, inhibited",154123.0,5.0,Is considerate and kind to almost everyone,167395.0,5.0,Does things efficiently,170894.0,5.0,Remains calm in tense situations,173335.0,3.0,Prefers work that is routine,179815.0,3.0,"Is outgoing, sociable",184776.0,1.0,Is sometimes rude to others,190383.0,5.0,Makes plans and follows through with them,196576.0,3.0,Gets nervous easily,199977.0,5.0,"Likes to reflect, play with ideas",205701.0,1.0,Has few artistic interests,210873.0,5.0,Likes to cooperate with others,215747.0,1.0,Is easily distracted,217854.0,5.0,"Is sophisticated in art, music, or literature",222409.0,2.0,5.0,3.0,4.8,4.6,81,0
340b0ea3-ba1b-49ca-8341-f81040958764,CfDW3HwFlP0VYBguT8HP,2026-02-14T14:02:00.742Z,original-gpi,60,Female,Homemaker,PG (Completed),,,,Regular,Very Familiar,,6.22,2.92,2.00,Sattva,,,4.0,Is talkative,,60064.0,,,1.0,Tends to find fault with others,,64935.0,,,1.0,Does a thorough job,,83814.0,,,1.0,"Is depressed, blue",,102026.0,,,4.0,"Is original, comes up with new ideas",,136489.0,,,2.0,Is reserved,,141702.0,,,5.0,Is helpful and unselfish with others,,151000.0,,,2.0,Can be somewhat careless,,170043.0,,,4.0,"Is relaxed, handles stress well",,186777.0,,,4.0,Is curious about many different things,,195635.0,4.0,Is full of energy,202148.0,1.0,Starts quarrels with others,206665.0,4.0,Is a reliable worker,213958.0,2.0,Can be tense,221322.0,4.0,"Is ingenious, a deep thinker",228679.0,4.0,Generates a lot of enthusiasm,240942.0,4.0,Has a forgiving nature,246084.0,2.0,Tends to be disorganized,255503.0,2.0,Worries a lot,263128.0,4.0,Has an active imagination,271223.0,4.0,Tends to be quiet,274521.0,4.0,Is generally trusting,279848.0,2.0,Tends to be lazy,284175.0,4.0,"Is emotionally stable, not easily upset",290628.0,2.0,Is inventive,294847.0,4.0,Has an assertive personality,300760.0,4.0,Can be cold and aloof,313621.0,4.0,Perseveres until the task is finished,325878.0,3.0,Can be moody,334277.0,4.0,"Values artistic, aesthetic experiences",340821.0,2.0,"Is sometimes shy, inhibited",345898.0,4.0,Is considerate and kind to almost everyone,362754.0,4.0,Does things efficiently,372339.0,4.0,Remains calm in tense situations,377274.0,2.0,Prefers work that is routine,386990.0,4.0,"Is outgoing, sociable",394392.0,2.0,Is sometimes rude to others,402027.0,4.0,Makes plans and follows through with them,407765.0,1.0,Gets nervous easily,411589.0,4.0,"Likes to reflect, play with ideas",420651.0,4.0,Has few artistic interests,426860.0,4.0,Likes to cooperate with others,433049.0,1.0,Is easily distracted,438242.0,4.0,"Is sophisticated in art, music, or literature",447765.0,1.9,3.8,3.8,4.1,3.6,84,1
6528bd50-ea9b-42f3-8cb3-ae6ba5c92ab0,D1JGaHwC5M8l6FQoIVMP,2026-02-15T06:28:34.566Z,original-gpi,18,Female,Student,High School,Cse,1,,Never,Very Familiar,,4.59,4.68,2.89,Rajas,,,4.0,Is talkative,,9745.0,,,4.0,Tends to find fault with others,,13112.0,,,5.0,Does a thorough job,,16014.0,,,2.0,"Is depressed, blue",,20702.0,,,4.0,"Is original, comes up with new ideas",,23665.0,,,4.0,Is reserved,,26755.0,,,3.0,Is helpful and unselfish with others,,29766.0,,,4.0,Can be somewhat careless,,32522.0,,,4.0,"Is relaxed, handles stress well",,36225.0,,,5.0,Is curious about many different things,,38484.0,3.0,Is full of energy,40330.0,2.0,Starts quarrels with others,45443.0,4.0,Is a reliable worker,47599.0,4.0,Can be tense,49206.0,4.0,"Is ingenious, a deep thinker",51364.0,3.0,Generates a lot of enthusiasm,55603.0,5.0,Has a forgiving nature,56561.0,3.0,Tends to be disorganized,59904.0,4.0,Worries a lot,62581.0,4.0,Has an active imagination,65077.0,4.0,Tends to be quiet,66512.0,5.0,Is generally trusting,69250.0,3.0,Tends to be lazy,71153.0,2.0,"Is emotionally stable, not easily upset",78043.0,3.0,Is inventive,81537.0,3.0,Has an assertive personality,84896.0,4.0,Can be cold and aloof,88302.0,4.0,Perseveres until the task is finished,92461.0,4.0,Can be moody,94223.0,4.0,"Values artistic, aesthetic experiences",96499.0,5.0,"Is sometimes shy, inhibited",98518.0,4.0,Is considerate and kind to almost everyone,100903.0,3.0,Does things efficiently,105502.0,3.0,Remains calm in tense situations,110297.0,4.0,Prefers work that is routine,115602.0,5.0,"Is outgoing, sociable",118887.0,5.0,Is sometimes rude to others,122966.0,3.0,Makes plans and follows through with them,129210.0,4.0,Gets nervous easily,131734.0,4.0,"Likes to reflect, play with ideas",133409.0,3.0,Has few artistic interests,135743.0,2.0,Likes to cooperate with others,138499.0,4.0,Is easily distracted,140556.0,4.0,"Is sophisticated in art, music, or literature",142597.0,3.4,3.2,2.9,3.1,3.7,91,0
e18a5e9d-1524-4397-bf6d-146bfdd0c2d5,DAcISfMXtPsg7HyyuspK,2026-02-15T06:48:53.900Z,original-gpi,18,Male,Student,UG (Pursuing),EE,1,10,Never,Somewhat,,4.30,5.20,3.50,Rajas,,,2.0,,,,,,4.0,,,,,,5.0,,,,,,3.0,,,,,,3.0,,,,,,4.0,,,,,,5.0,,,,,,4.0,,,,,,4.0,,,,,,5.0,,,,3.0,,,1.0,,,5.0,,,4.0,,,5.0,,,4.0,,,5.0,,,4.0,,,4.0,,,5.0,,,5.0,,,2.0,,,3.0,,,2.0,,,5.0,,,3.0,,,4.0,,,5.0,,,3.0,,,3.0,,,4.0,,,5.0,,,3.0,,,4.0,,,3.0,,,2.0,,,1.0,,,3.0,,,4.0,,,4.0,,,2.0,,,5.0,,,4.0,,,1.0,,,3.3,3.3,2.4,4.0,3.8,0,0
2b56116d-7e9c-4e83-85b8-67b104c73f77,DqWVQrUlAk7N42ZaBgt0,2026-02-12T08:57:17.771Z,,22,Male,Student,PG (Pursuing),Elelctrical Engineering,PG,10.0,Regular,Very Familiar,,2.93,2.25,2.56,Sattva,3.0,,,,,,4.0,,,,,,4.0,,,,,,4.0,,,,,,4.0,,,,,,3.0,,,,,,3.0,,,,,,4.0,,,,,,4.0,,,,,,4.0,,,,,,,,,,,,,,,,,,,,,,,,,,,,,,,,,,,,,,,,,,,,,,,,,,,,,,,,,,,,,,,,,,,,,,,,,,,,,,,,,,,,,,,,,,,,,,,,,,,,,,,,,,,,3.0,3.0,3.0,3.5,3.0,81,0
1b43f91d-052e-46be-b2ea-02174642202d,Eko7or2rFoD4A8d2xwyu,2026-02-14T19:32:15.941Z,original-gpi,20,Male,Student,UG (Pursuing),Mechanical Engineering,3,8.4,Occasional,Somewhat,,4.15,3.92,2.79,Sattva,,,2.0,Is talkative,,12057.0,,,2.0,Tends to find fault with others,,16016.0,,,2.0,Does a thorough job,,19379.0,,,2.0,"Is depressed, blue",,23197.0,,,2.0,"Is original, comes up with new ideas",,27432.0,,,5.0,Is reserved,,30316.0,,,3.0,Is helpful and unselfish with others,,34018.0,,,4.0,Can be somewhat careless,,36861.0,,,3.0,"Is relaxed, handles stress well",,40608.0,,,5.0,Is curious about many different things,,47504.0,2.0,Is full of energy,50706.0,1.0,Starts quarrels with others,53343.0,4.0,Is a reliable worker,55891.0,4.0,Can be tense,59558.0,4.0,"Is ingenious, a deep thinker",61803.0,2.0,Generates a lot of enthusiasm,64420.0,3.0,Has a forgiving nature,69144.0,4.0,Tends to be disorganized,72040.0,4.0,Worries a lot,73599.0,5.0,Has an active imagination,76686.0,5.0,Tends to be quiet,79718.0,4.0,Is generally trusting,81875.0,5.0,Tends to be lazy,83189.0,3.0,"Is emotionally stable, not easily upset",87542.0,3.0,Is inventive,90771.0,1.0,Has an assertive personality,93351.0,5.0,Can be cold and aloof,95908.0,3.0,Perseveres until the task is finished,102207.0,4.0,Can be moody,104156.0,4.0,"Values artistic, aesthetic experiences",107476.0,4.0,"Is sometimes shy, inhibited",111508.0,3.0,Is considerate and kind to almost everyone,115893.0,3.0,Does things efficiently,119423.0,2.0,Remains calm in tense situations,121335.0,2.0,Prefers work that is routine,125765.0,2.0,"Is outgoing, sociable",130986.0,4.0,Is sometimes rude to others,134625.0,3.0,Makes plans and follows through with them,140329.0,5.0,Gets nervous easily,142710.0,4.0,"Likes to reflect, play with ideas",148676.0,4.0,Has few artistic interests,151428.0,3.0,Likes to cooperate with others,155012.0,5.0,Is easily distracted,157394.0,4.0,"Is sophisticated in art, music, or literature",162483.0,3.6,2.3,1.6,3.1,3.7,93,0
461155c2-b185-4b9f-830f-3b4560712e45,FCz3ovLFiOJOc2OQO8kF,2026-02-14T16:43:09.539Z,original-gpi,20,Male,Student,UG (Pursuing),Computer science ,4,9.2,Occasional,Heard of it,,5.22,4.36,2.68,Sattva,,,3.0,Is talkative,,4448.0,,,3.0,Tends to find fault with others,,7113.0,,,5.0,Does a thorough job,,9727.0,,,3.0,"Is depressed, blue",,13256.0,,,4.0,"Is original, comes up with new ideas",,16025.0,,,2.0,Is reserved,,18652.0,,,5.0,Is helpful and unselfish with others,,22000.0,,,3.0,Can be somewhat careless,,24312.0,,,4.0,"Is relaxed, handles stress well",,27864.0,,,5.0,Is curious about many different things,,29945.0,3.0,Is full of energy,31393.0,2.0,Starts quarrels with others,33558.0,5.0,Is a reliable worker,35175.0,3.0,Can be tense,36607.0,3.0,"Is ingenious, a deep thinker",38446.0,5.0,Generates a lot of enthusiasm,40989.0,4.0,Has a forgiving nature,44071.0,2.0,Tends to be disorganized,46186.0,3.0,Worries a lot,47848.0,4.0,Has an active imagination,50929.0,3.0,Tends to be quiet,55925.0,5.0,Is generally trusting,64736.0,2.0,Tends to be lazy,66099.0,3.0,"Is emotionally stable, not easily upset",68634.0,4.0,Is inventive,70479.0,4.0,Has an assertive personality,82740.0,2.0,Can be cold and aloof,86301.0,4.0,Perseveres until the task is finished,97329.0,3.0,Can be moody,123786.0,2.0,"Values artistic, aesthetic experiences",126062.0,3.0,"Is sometimes shy, inhibited",127982.0,4.0,Is considerate and kind to almost everyone,129990.0,5.0,Does things efficiently,131491.0,4.0,Remains calm in tense situations,133076.0,4.0,Prefers work that is routine,139360.0,3.0,"Is outgoing, sociable",140939.0,2.0,Is sometimes rude to others,142323.0,4.0,Makes plans and follows through with them,144220.0,2.0,Gets nervous easily,146204.0,4.0,"Likes to reflect, play with ideas",150848.0,3.0,Has few artistic interests,153333.0,4.0,Likes to cooperate with others,154679.0,2.0,Is easily distracted,156110.0,3.0,"Is sophisticated in art, music, or literature",158827.0,2.6,4.2,3.5,4.1,3.4,99,0
8ea05c56-84e9-4dfa-a245-ee086ac6b92c,Fn45DesdR6j6tDgGLoJR,2026-02-14T18:53:58.539Z,original-gpi,20,Prefer not to say,Other,PG (Completed),,,,Occasional,Somewhat,,3.81,4.32,4.32,Rajas,,,1.0,,,,,,5.0,,,,,,4.0,,,,,,4.0,,,,,,4.0,,,,,,5.0,,,,,,2.0,,,,,,4.0,,,,,,2.0,,,,,,4.0,,,,2.0,,,1.0,,,4.0,,,4.0,,,3.0,,,2.0,,,2.0,,,4.0,,,4.0,,,3.0,,,4.0,,,2.0,,,4.0,,,2.0,,,4.0,,,2.0,,,4.0,,,4.0,,,5.0,,,4.0,,,4.0,,,4.0,,,2.0,,,2.0,,,4.0,,,2.0,,,4.0,,,2.0,,,4.0,,,4.0,,,4.0,,,4.0,,,4.0,,,3.0,,,4.1,2.7,1.8,2.7,3.3,0,0
80f523cf-25e6-4a61-b4ad-44b49c5b21eb,G9ZOQh4fdtv5MVlb35hI,2026-02-14T15:40:00.155Z,original-gpi,45,Female,Homemaker,UG (Completed),,,,Rarely,Heard of it,,4.96,4.16,1.54,Sattva,,,4.0,Is talkative,,35280.0,,,1.0,Tends to find fault with others,,44210.0,,,3.0,Does a thorough job,,49046.0,,,1.0,"Is depressed, blue",,64919.0,,,4.0,"Is original, comes up with new ideas",,80254.0,,,2.0,Is reserved,,90309.0,,,5.0,Is helpful and unselfish with others,,103757.0,,,3.0,Can be somewhat careless,,114103.0,,,5.0,"Is relaxed, handles stress well",,119870.0,,,4.0,Is curious about many different things,,127151.0,3.0,Is full of energy,133261.0,3.0,Starts quarrels with others,136977.0,3.0,Is a reliable worker,139951.0,4.0,Can be tense,144343.0,4.0,"Is ingenious, a deep thinker",154598.0,3.0,Generates a lot of enthusiasm,159115.0,4.0,Has a forgiving nature,165582.0,3.0,Tends to be disorganized,171311.0,2.0,Worries a lot,175378.0,4.0,Has an active imagination,181979.0,4.0,Tends to be quiet,189047.0,4.0,Is generally trusting,193269.0,2.0,Tends to be lazy,198334.0,5.0,"Is emotionally stable, not easily upset",205753.0,3.0,Is inventive,209768.0,5.0,Has an assertive personality,215947.0,3.0,Can be cold and aloof,219216.0,4.0,Perseveres until the task is finished,226893.0,3.0,Can be moody,229732.0,3.0,"Values artistic, aesthetic experiences",236969.0,3.0,"Is sometimes shy, inhibited",239960.0,3.0,Is considerate and kind to almost everyone,247848.0,3.0,Does things efficiently,252467.0,2.0,Remains calm in tense situations,259208.0,4.0,Prefers work that is routine,264699.0,3.0,"Is outgoing, sociable",268173.0,3.0,Is sometimes rude to others,271334.0,3.0,Makes plans and follows through with them,276044.0,2.0,Gets nervous easily,280378.0,3.0,"Likes to reflect, play with ideas",285845.0,3.0,Has few artistic interests,294872.0,5.0,Likes to cooperate with others,303384.0,2.0,Is easily distracted,308579.0,3.0,"Is sophisticated in art, music, or literature",314189.0,2.3,3.3,3.4,3.9,3.3,80,1
723f0dca-6612-4fed-91cb-4739fec5baa0,HOEVRBgnFwJgJ59Ha8Pm,2026-02-14T09:13:52.713Z,original-gpi,22,Female,Student,UG (Pursuing),MBBS,3,7.1,Occasional,Somewhat,,4.07,5.08,4.25,Rajas,,,4.0,Is talkative,,17845.0,,,3.0,Tends to find fault with others,,21595.0,,,2.0,Does a thorough job,,28035.0,,,4.0,"Is depressed, blue",,31479.0,,,1.0,"Is original, comes up with new ideas",,36809.0,,,4.0,Is reserved,,42143.0,,,4.0,Is helpful and unselfish with others,,53142.0,,,4.0,Can be somewhat careless,,58327.0,,,5.0,"Is relaxed, handles stress well",,87211.0,,,5.0,Is curious about many different things,,89445.0,5.0,Is full of energy,90752.0,1.0,Starts quarrels with others,93710.0,4.0,Is a reliable worker,96558.0,4.0,Can be tense,101580.0,4.0,"Is ingenious, a deep thinker",105263.0,5.0,Generates a lot of enthusiasm,107692.0,5.0,Has a forgiving nature,109853.0,4.0,Tends to be disorganized,113209.0,4.0,Worries a lot,118398.0,2.0,Has an active imagination,122699.0,4.0,Tends to be quiet,125563.0,5.0,Is generally trusting,127834.0,2.0,Tends to be lazy,131585.0,4.0,"Is emotionally stable, not easily upset",138597.0,2.0,Is inventive,143140.0,4.0,Has an assertive personality,146605.0,1.0,Can be cold and aloof,149943.0,3.0,Perseveres until the task is finished,188415.0,5.0,Can be moody,184894.0,4.0,"Values artistic, aesthetic experiences",191987.0,4.0,"Is sometimes shy, inhibited",195816.0,5.0,Is considerate and kind to almost everyone,197822.0,4.0,Does things efficiently,205807.0,4.0,Remains calm in tense situations,208491.0,1.0,Prefers work that is routine,215391.0,5.0,"Is outgoing, sociable",217846.0,4.0,Is sometimes rude to others,220136.0,1.0,Makes plans and follows through with them,225066.0,3.0,Gets nervous easily,228430.0,3.0,"Likes to reflect, play with ideas",236510.0,3.0,Has few artistic interests,240952.0,4.0,Likes to cooperate with others,242739.0,5.0,Is easily distracted,246631.0,4.0,"Is sophisticated in art, music, or literature",259150.0,3.1,2.6,3.6,4.2,3.3,90,1
bbc445ea-14a1-475b-934c-805131139b6c,HpUCxTTa82i4ypTrixjt,2026-02-14T16:34:21.340Z,original-gpi,15,Female,Student,High School,Science ,1,95,Regular,Somewhat,,5.96,3.56,1.82,Sattva,,,2.0,Is talkative,,14434.0,,,1.0,Tends to find fault with others,,17278.0,,,3.0,Does a thorough job,,20650.0,,,3.0,"Is depressed, blue",,24097.0,,,3.0,"Is original, comes up with new ideas",,26568.0,,,2.0,Is reserved,,31289.0,,,5.0,Is helpful and unselfish with others,,35603.0,,,2.0,Can be somewhat careless,,39369.0,,,2.0,"Is relaxed, handles stress well",,41348.0,,,3.0,Is curious about many different things,,44676.0,4.0,Is full of energy,46584.0,1.0,Starts quarrels with others,48494.0,3.0,Is a reliable worker,50485.0,2.0,Can be tense,52387.0,3.0,"Is ingenious, a deep thinker",55529.0,3.0,Generates a lot of enthusiasm,56763.0,5.0,Has a forgiving nature,58749.0,2.0,Tends to be disorganized,61279.0,2.0,Worries a lot,63060.0,4.0,Has an active imagination,65234.0,4.0,Tends to be quiet,67216.0,4.0,Is generally trusting,68429.0,2.0,Tends to be lazy,71345.0,4.0,"Is emotionally stable, not easily upset",74875.0,3.0,Is inventive,77374.0,3.0,Has an assertive personality,79026.0,2.0,Can be cold and aloof,81950.0,3.0,Perseveres until the task is finished,83176.0,1.0,Can be moody,87314.0,3.0,"Values artistic, aesthetic experiences",88951.0,3.0,"Is sometimes shy, inhibited",90902.0,3.0,Is considerate and kind to almost everyone,95033.0,5.0,Does things efficiently,97525.0,5.0,Remains calm in tense situations,100478.0,5.0,Prefers work that is routine,102422.0,5.0,"Is outgoing, sociable",104323.0,1.0,Is sometimes rude to others,105970.0,5.0,Makes plans and follows through with them,108210.0,3.0,Gets nervous easily,110635.0,3.0,"Likes to reflect, play with ideas",112608.0,4.0,Has few artistic interests,118598.0,4.0,Likes to cooperate with others,120143.0,2.0,Is easily distracted,122529.0,4.0,"Is sophisticated in art, music, or literature",125403.0,2.3,3.9,3.3,4.4,2.9,93,0
38d4fb81-9926-47d5-ba5a-af8efa67dda5,HyzPQE9BLoJTH7k94i0C,2026-02-14T12:14:44.625Z,original-gpi,50,Female,Self-employed,PG (Completed),,,,Regular,Somewhat,,5.26,3.80,1.93,Sattva,,,1.0,Is talkative,,23349.0,,,1.0,Tends to find fault with others,,27355.0,,,4.0,Does a thorough job,,34531.0,,,1.0,"Is depressed, blue",,46451.0,,,5.0,"Is original, comes up with new ideas",,55102.0,,,2.0,Is reserved,,59454.0,,,5.0,Is helpful and unselfish with others,,65447.0,,,1.0,Can be somewhat careless,,72788.0,,,4.0,"Is relaxed, handles stress well",,80112.0,,,4.0,Is curious about many different things,,84809.0,4.0,Is full of energy,88337.0,1.0,Starts quarrels with others,94108.0,5.0,Is a reliable worker,98635.0,1.0,Can be tense,105751.0,5.0,"Is ingenious, a deep thinker",109125.0,4.0,Generates a lot of enthusiasm,112759.0,4.0,Has a forgiving nature,116823.0,2.0,Tends to be disorganized,121621.0,2.0,Worries a lot,127120.0,3.0,Has an active imagination,134549.0,3.0,Tends to be quiet,136763.0,5.0,Is generally trusting,139506.0,1.0,Tends to be lazy,148670.0,5.0,"Is emotionally stable, not easily upset",157738.0,4.0,Is inventive,161579.0,3.0,Has an assertive personality,166995.0,4.0,Can be cold and aloof,173145.0,4.0,Perseveres until the task is finished,180461.0,4.0,Can be moody,183085.0,3.0,"Values artistic, aesthetic experiences",187013.0,3.0,"Is sometimes shy, inhibited",190500.0,4.0,Is considerate and kind to almost everyone,197443.0,4.0,Does things efficiently,202513.0,5.0,Remains calm in tense situations,205761.0,2.0,Prefers work that is routine,214999.0,5.0,"Is outgoing, sociable",218600.0,4.0,Is sometimes rude to others,226295.0,1.0,Makes plans and follows through with them,233641.0,1.0,Gets nervous easily,237120.0,5.0,"Likes to reflect, play with ideas",244483.0,4.0,Has few artistic interests,248618.0,5.0,Likes to cooperate with others,251199.0,4.0,Is easily distracted,256006.0,4.0,"Is sophisticated in art, music, or literature",261561.0,1.6,3.8,3.4,4.1,3.9,81,0
ee6a10ec-7e99-440f-bd1b-9159f836ac7b,IVoXyPfOAgjebnKpAVVe,2026-02-14T11:26:26.326Z,original-gpi,19,Male,Student,UG (Pursuing),Earth Sciences,1,7,Regular,Very Familiar,,7.00,1.00,1.00,Sattva,,,1.0,Is talkative,,10325.0,,,1.0,Tends to find fault with others,,12056.0,,,5.0,Does a thorough job,,15271.0,,,1.0,"Is depressed, blue",,17705.0,,,5.0,"Is original, comes up with new ideas",,27837.0,,,5.0,Is reserved,,22735.0,,,5.0,Is helpful and unselfish with others,,32270.0,,,1.0,Can be somewhat careless,,37818.0,,,5.0,"Is relaxed, handles stress well",,39735.0,,,4.0,Is curious about many different things,,42551.0,5.0,Is full of energy,46804.0,2.0,Starts quarrels with others,50497.0,5.0,Is a reliable worker,57248.0,1.0,Can be tense,58728.0,5.0,"Is ingenious, a deep thinker",60886.0,4.0,Generates a lot of enthusiasm,65547.0,5.0,Has a forgiving nature,68663.0,1.0,Tends to be disorganized,73497.0,1.0,Worries a lot,75147.0,5.0,Has an active imagination,79230.0,5.0,Tends to be quiet,81946.0,5.0,Is generally trusting,84414.0,1.0,Tends to be lazy,89860.0,1.0,"Is emotionally stable, not easily upset",105925.0,5.0,Is inventive,120524.0,2.0,Has an assertive personality,310878.0,1.0,Can be cold and aloof,320962.0,5.0,Perseveres until the task is finished,324328.0,2.0,Can be moody,329193.0,4.0,"Values artistic, aesthetic experiences",333228.0,3.0,"Is sometimes shy, inhibited",350189.0,5.0,Is considerate and kind to almost everyone,343094.0,5.0,Does things efficiently,355288.0,5.0,Remains calm in tense situations,708214.0,5.0,Prefers work that is routine,710145.0,4.0,"Is outgoing, sociable",721695.0,2.0,Is sometimes rude to others,725429.0,5.0,Makes plans and follows through with them,735113.0,1.0,Gets nervous easily,739610.0,5.0,"Likes to reflect, play with ideas",743376.0,5.0,Has few artistic interests,745490.0,5.0,Likes to cooperate with others,746973.0,1.0,Is easily distracted,749143.0,5.0,"Is sophisticated in art, music, or literature",750843.0,1.6,5.0,2.6,4.8,4.0,81,0
f2fe6b4f-b0d6-4c70-a8df-88c11de6e1a6,JCHLvcVygJwDDm6L6KP4,2026-02-14T16:46:20.997Z,original-gpi,14,Female,Student,High School,Pcm,,,Occasional,Somewhat,,4.74,4.04,4.25,Sattva,,,5.0,Is talkative,,144456.0,,,5.0,Tends to find fault with others,,145895.0,,,5.0,Does a thorough job,,150207.0,,,5.0,"Is depressed, blue",,152550.0,,,5.0,"Is original, comes up with new ideas",,153000.0,,,5.0,Is reserved,,137353.0,,,5.0,Is helpful and unselfish with others,,136466.0,,,5.0,Can be somewhat careless,,135579.0,,,5.0,"Is relaxed, handles stress well",,134929.0,,,5.0,Is curious about many different things,,132956.0,5.0,Is full of energy,131081.0,1.0,Starts quarrels with others,128792.0,5.0,Is a reliable worker,123126.0,3.0,Can be tense,118962.0,5.0,"Is ingenious, a deep thinker",116320.0,4.0,Generates a lot of enthusiasm,112509.0,4.0,Has a forgiving nature,108588.0,4.0,Tends to be disorganized,104307.0,4.0,Worries a lot,102592.0,4.0,Has an active imagination,99918.0,1.0,Tends to be quiet,96015.0,1.0,Is generally trusting,92728.0,1.0,Tends to be lazy,88151.0,5.0,"Is emotionally stable, not easily upset",84120.0,5.0,Is inventive,83267.0,5.0,Has an assertive personality,82431.0,5.0,Can be cold and aloof,81596.0,5.0,Perseveres until the task is finished,80059.0,3.0,Can be moody,78768.0,5.0,"Values artistic, aesthetic experiences",75108.0,1.0,"Is sometimes shy, inhibited",70284.0,3.0,Is considerate and kind to almost everyone,67148.0,1.0,Does things efficiently,60427.0,1.0,Remains calm in tense situations,57886.0,1.0,Prefers work that is routine,52179.0,4.0,"Is outgoing, sociable",47037.0,4.0,Is sometimes rude to others,44025.0,2.0,Makes plans and follows through with them,37588.0,1.0,Gets nervous easily,34146.0,4.0,"Likes to reflect, play with ideas",31316.0,4.0,Has few artistic interests,29630.0,4.0,Likes to cooperate with others,27053.0,2.0,Is easily distracted,22213.0,4.0,"Is sophisticated in art, music, or literature",15065.0,2.9,3.3,4.3,2.9,4.4,89,0
0d6e706b-5a37-47b1-9a0a-b11993368149,JFFi1gdcbEI7d770jlME,2026-02-13T06:36:05.537Z,original-gpi,24,Male,Working Professional,UG (Completed),,,,Regular,Very Familiar,,5.74,2.72,1.71,Sattva,4.0,I see myself as someone who is reserved.,,,7135.0,,4.0,I see myself as someone who is generally trusting.,,,14433.0,,5.0,I see myself as someone who tends to be lazy.,,,17579.0,,5.0,"I see myself as someone who is relaxed, handles stress well.",,,22249.0,,5.0,I see myself as someone who has few artistic interests.,,,25220.0,,5.0,"I see myself as someone who is outgoing, sociable.",,,27164.0,,2.0,I see myself as someone who tends to find fault with others.,,,31843.0,,2.0,I see myself as someone who does a thorough job.,,,36451.0,,1.0,I see myself as someone who gets nervous easily.,,,41234.0,,5.0,I see myself as someone who has an active imagination.,,,43710.0,,,,,,,,,,,,,,,,,,,,,,,,,,,,,,,,,,,,,,,,,,,,,,,,,,,,,,,,,,,,,,,,,,,,,,,,,,,,,,,,,,,,,,,,,,,,,,,,,,,,,,,,1.0,1.5,3.5,4.0,3.0,83,0
e8721361-27eb-49f5-b43e-60552fa7fc9a,KB40yIL1GMmGgLwHIgYu,2026-02-15T06:42:59.806Z,original-gpi,20,Female,Student,UG (Pursuing),BSBE,2,6.5,Never,Heard of it,,3.30,5.20,4.57,Rajas,,,4.0,Is talkative,,12972.0,,,4.0,Tends to find fault with others,,18037.0,,,1.0,Does a thorough job,,21304.0,,,4.0,"Is depressed, blue",,32239.0,,,2.0,"Is original, comes up with new ideas",,35688.0,,,5.0,Is reserved,,38019.0,,,4.0,Is helpful and unselfish with others,,41334.0,,,3.0,Can be somewhat careless,,45812.0,,,2.0,"Is relaxed, handles stress well",,49570.0,,,5.0,Is curious about many different things,,54223.0,2.0,Is full of energy,57736.0,2.0,Starts quarrels with others,64153.0,4.0,Is a reliable worker,67903.0,4.0,Can be tense,70954.0,4.0,"Is ingenious, a deep thinker",74773.0,2.0,Generates a lot of enthusiasm,77069.0,5.0,Has a forgiving nature,82004.0,3.0,Tends to be disorganized,84990.0,4.0,Worries a lot,87552.0,2.0,Has an active imagination,90854.0,4.0,Tends to be quiet,96001.0,5.0,Is generally trusting,101220.0,5.0,Tends to be lazy,102720.0,2.0,"Is emotionally stable, not easily upset",108270.0,3.0,Is inventive,113001.0,4.0,Has an assertive personality,117401.0,3.0,Can be cold and aloof,120577.0,4.0,Perseveres until the task is finished,125519.0,3.0,Can be moody,127103.0,5.0,"Values artistic, aesthetic experiences",135187.0,5.0,"Is sometimes shy, inhibited",139501.0,5.0,Is considerate and kind to almost everyone,143201.0,3.0,Does things efficiently,146917.0,4.0,Remains calm in tense situations,151118.0,3.0,Prefers work that is routine,154990.0,2.0,"Is outgoing, sociable",157901.0,4.0,Is sometimes rude to others,163372.0,2.0,Makes plans and follows through with them,166768.0,5.0,Gets nervous easily,169701.0,5.0,"Likes to reflect, play with ideas",172468.0,4.0,Has few artistic interests,175518.0,5.0,Likes to cooperate with others,177752.0,5.0,Is easily distracted,179049.0,3.0,"Is sophisticated in art, music, or literature",182585.0,3.8,2.4,2.3,3.9,3.4,107,0
5e05d5b6-237a-41c9-bf7c-0ab80b460d44,KvIJ3GB8QqVOQ4GMWl8M,2026-02-14T14:22:20.480Z,original-gpi,38,Male,Working Professional,PG (Completed),,,,Regular,Somewhat,,3.93,4.16,2.75,Rajas,,,4.0,Is talkative,,7625.0,,,2.0,Tends to find fault with others,,9539.0,,,4.0,Does a thorough job,,11929.0,,,4.0,"Is depressed, blue",,15750.0,,,5.0,"Is original, comes up with new ideas",,20847.0,,,4.0,Is reserved,,23427.0,,,5.0,Is helpful and unselfish with others,,26383.0,,,4.0,Can be somewhat careless,,27877.0,,,3.0,"Is relaxed, handles stress well",,31341.0,,,4.0,Is curious about many different things,,34000.0,2.0,Is full of energy,37784.0,2.0,Starts quarrels with others,40962.0,5.0,Is a reliable worker,43243.0,4.0,Can be tense,45789.0,4.0,"Is ingenious, a deep thinker",47744.0,4.0,Generates a lot of enthusiasm,50028.0,4.0,Has a forgiving nature,51839.0,4.0,Tends to be disorganized,53395.0,2.0,Worries a lot,55850.0,4.0,Has an active imagination,58592.0,4.0,Tends to be quiet,60301.0,5.0,Is generally trusting,61811.0,4.0,Tends to be lazy,63284.0,2.0,"Is emotionally stable, not easily upset",67114.0,4.0,Is inventive,69531.0,3.0,Has an assertive personality,72092.0,4.0,Can be cold and aloof,74420.0,2.0,Perseveres until the task is finished,77042.0,4.0,Can be moody,78383.0,4.0,"Values artistic, aesthetic experiences",80813.0,4.0,"Is sometimes shy, inhibited",82239.0,5.0,Is considerate and kind to almost everyone,83927.0,4.0,Does things efficiently,86840.0,4.0,Remains calm in tense situations,88994.0,4.0,Prefers work that is routine,92273.0,3.0,"Is outgoing, sociable",94324.0,4.0,Is sometimes rude to others,96596.0,2.0,Makes plans and follows through with them,99144.0,3.0,Gets nervous easily,102103.0,4.0,"Likes to reflect, play with ideas",106910.0,2.0,Has few artistic interests,109371.0,4.0,Likes to cooperate with others,110991.0,4.0,Is easily distracted,113429.0,3.0,"Is sophisticated in art, music, or literature",115542.0,3.3,2.8,2.8,3.9,3.8,86,0
ec9c27b7-7b4c-4b27-a624-7ab52ecb4705,L0VFl9PIO2fhouGSuV1V,2026-02-13T06:40:34.809Z,original-gpi,20,Male,Student,UG (Pursuing),Mechanical engineering ,,8.5,Regular,Somewhat,,4.19,4.52,3.14,Rajas,5.0,I see myself as someone who is reserved.,,,8711.0,,5.0,I see myself as someone who is generally trusting.,,,13897.0,,4.0,I see myself as someone who tends to be lazy.,,,17065.0,,4.0,"I see myself as someone who is relaxed, handles stress well.",,,22839.0,,3.0,I see myself as someone who has few artistic interests.,,,28363.0,,1.0,"I see myself as someone who is outgoing, sociable.",,,31419.0,,5.0,I see myself as someone who tends to find fault with others.,,,34862.0,,2.0,I see myself as someone who does a thorough job.,,,40788.0,,5.0,I see myself as someone who gets nervous easily.,,,45155.0,,4.0,I see myself as someone who has an active imagination.,,,53046.0,,,,,,,,,,,,,,,,,,,,,,,,,,,,,,,,,,,,,,,,,,,,,,,,,,,,,,,,,,,,,,,,,,,,,,,,,,,,,,,,,,,,,,,,,,,,,,,,,,,,,,,,3.5,2.0,1.0,3.0,3.5,97,0
ba3103be-9a63-4810-a1b6-e086bee36ab4,L2HL8G8lYdVONA5HoKSq,2026-02-14T17:13:19.098Z,original-gpi,22,Male,Student,UG (Pursuing),Computer Science and Engineering ,4,5.1,Regular,Somewhat,,4.63,4.96,4.32,Rajas,,,1.0,Is talkative,,13114.0,,,2.0,Tends to find fault with others,,16069.0,,,3.0,Does a thorough job,,18629.0,,,4.0,"Is depressed, blue",,21532.0,,,3.0,"Is original, comes up with new ideas",,25251.0,,,4.0,Is reserved,,27418.0,,,3.0,Is helpful and unselfish with others,,30608.0,,,4.0,Can be somewhat careless,,32891.0,,,2.0,"Is relaxed, handles stress well",,35983.0,,,3.0,Is curious about many different things,,40530.0,2.0,Is full of energy,42198.0,2.0,Starts quarrels with others,44422.0,3.0,Is a reliable worker,46622.0,4.0,Can be tense,49005.0,3.0,"Is ingenious, a deep thinker",52608.0,3.0,Generates a lot of enthusiasm,56656.0,3.0,Has a forgiving nature,58743.0,4.0,Tends to be disorganized,61074.0,4.0,Worries a lot,63039.0,4.0,Has an active imagination,64171.0,4.0,Tends to be quiet,66173.0,4.0,Is generally trusting,67413.0,4.0,Tends to be lazy,69276.0,2.0,"Is emotionally stable, not easily upset",71754.0,2.0,Is inventive,74214.0,2.0,Has an assertive personality,76083.0,4.0,Can be cold and aloof,78607.0,4.0,Perseveres until the task is finished,82939.0,4.0,Can be moody,84242.0,4.0,"Values artistic, aesthetic experiences",85850.0,4.0,"Is sometimes shy, inhibited",88650.0,4.0,Is considerate and kind to almost everyone,95229.0,4.0,Does things efficiently,96944.0,2.0,Remains calm in tense situations,98845.0,4.0,Prefers work that is routine,101564.0,2.0,"Is outgoing, sociable",103455.0,2.0,Is sometimes rude to others,105154.0,3.0,Makes plans and follows through with them,111976.0,4.0,Gets nervous easily,113760.0,4.0,"Likes to reflect, play with ideas",116111.0,4.0,Has few artistic interests,118213.0,4.0,Likes to cooperate with others,120861.0,4.0,Is easily distracted,122426.0,2.0,"Is sophisticated in art, music, or literature",125588.0,4.0,2.8,2.0,3.6,2.9,93,3
8358ad80-2be4-4922-a667-df1750740db3,LXJKgnqNYmWaN9VsZGsy,2026-02-14T13:55:30.028Z,original-gpi,30,Male,Student,UG (Completed),Medical ,,,Regular,Heard of it,,5.85,3.64,2.43,Sattva,,,2.0,Is talkative,,17517.0,,,2.0,Tends to find fault with others,,51678.0,,,5.0,Does a thorough job,,57275.0,,,1.0,"Is depressed, blue",,79728.0,,,3.0,"Is original, comes up with new ideas",,85154.0,,,5.0,Is reserved,,89188.0,,,3.0,Is helpful and unselfish with others,,95741.0,,,4.0,Can be somewhat careless,,104451.0,,,4.0,"Is relaxed, handles stress well",,109993.0,,,5.0,Is curious about many different things,,113854.0,4.0,Is full of energy,115709.0,2.0,Starts quarrels with others,120907.0,5.0,Is a reliable worker,123424.0,3.0,Can be tense,128920.0,4.0,"Is ingenious, a deep thinker",135394.0,3.0,Generates a lot of enthusiasm,140936.0,4.0,Has a forgiving nature,145632.0,1.0,Tends to be disorganized,155961.0,2.0,Worries a lot,160462.0,4.0,Has an active imagination,163277.0,5.0,Tends to be quiet,166438.0,4.0,Is generally trusting,172363.0,2.0,Tends to be lazy,180817.0,5.0,"Is emotionally stable, not easily upset",186014.0,4.0,Is inventive,190199.0,4.0,Has an assertive personality,201079.0,4.0,Can be cold and aloof,216223.0,3.0,Perseveres until the task is finished,223526.0,4.0,Can be moody,225947.0,5.0,"Values artistic, aesthetic experiences",230195.0,4.0,"Is sometimes shy, inhibited",239300.0,4.0,Is considerate and kind to almost everyone,249824.0,4.0,Does things efficiently,257292.0,4.0,Remains calm in tense situations,261223.0,4.0,Prefers work that is routine,265427.0,1.0,"Is outgoing, sociable",267244.0,4.0,Is sometimes rude to others,271998.0,4.0,Makes plans and follows through with them,278718.0,1.0,Gets nervous easily,282260.0,4.0,"Likes to reflect, play with ideas",296160.0,4.0,Has few artistic interests,300012.0,4.0,Likes to cooperate with others,301923.0,2.0,Is easily distracted,304834.0,3.0,"Is sophisticated in art, music, or literature",309481.0,2.0,4.0,2.3,3.4,3.6,90,4
a98ee9bd-f32e-441f-b022-13a50f1d13b1,Lc6ha80p4bXBXqTJSaWr,2026-02-14T20:01:27.418Z,original-gpi,37,Male,Working Professional,PG (Completed),,,,Regular,Very Familiar,,5.78,3.76,2.43,Sattva,,,2.0,Is talkative,,60605.0,,,4.0,Tends to find fault with others,,66930.0,,,5.0,Does a thorough job,,79451.0,,,3.0,"Is depressed, blue",,84700.0,,,4.0,"Is original, comes up with new ideas",,94503.0,,,5.0,Is reserved,,99037.0,,,5.0,Is helpful and unselfish with others,,108445.0,,,1.0,Can be somewhat careless,,114158.0,,,4.0,"Is relaxed, handles stress well",,126394.0,,,5.0,Is curious about many different things,,130632.0,4.0,Is full of energy,134195.0,2.0,Starts quarrels with others,141217.0,4.0,Is a reliable worker,153554.0,2.0,Can be tense,162369.0,4.0,"Is ingenious, a deep thinker",167769.0,4.0,Generates a lot of enthusiasm,171697.0,4.0,Has a forgiving nature,174680.0,1.0,Tends to be disorganized,182546.0,3.0,Worries a lot,206397.0,4.0,Has an active imagination,210941.0,3.0,Tends to be quiet,215470.0,2.0,Is generally trusting,224720.0,4.0,Tends to be lazy,234161.0,2.0,"Is emotionally stable, not easily upset",241553.0,4.0,Is inventive,247066.0,4.0,Has an assertive personality,251125.0,4.0,Can be cold and aloof,256138.0,4.0,Perseveres until the task is finished,264289.0,2.0,Can be moody,268545.0,4.0,"Values artistic, aesthetic experiences",286072.0,4.0,"Is sometimes shy, inhibited",289889.0,4.0,Is considerate and kind to almost everyone,293857.0,4.0,Does things efficiently,298390.0,4.0,Remains calm in tense situations,301802.0,1.0,Prefers work that is routine,313750.0,3.0,"Is outgoing, sociable",320581.0,4.0,Is sometimes rude to others,325329.0,3.0,Makes plans and follows through with them,335348.0,3.0,Gets nervous easily,343535.0,4.0,"Likes to reflect, play with ideas",347699.0,2.0,Has few artistic interests,354448.0,5.0,Likes to cooperate with others,358778.0,2.0,Is easily distracted,362961.0,4.0,"Is sophisticated in art, music, or literature",379705.0,2.6,4.0,2.9,3.3,4.2,90,2
cc20648a-b9bf-4d01-8bc9-422f25407d92,LdzQ5EFTgBVHgqanyQHE,2026-02-15T06:32:23.174Z,original-gpi,21,Male,Homemaker,UG (Pursuing),,,,Rarely,Somewhat,,3.44,3.16,4.07,Tamas,,,4.0,,,,,,4.0,,,,,,3.0,,,,,,3.0,,,,,,4.0,,,,,,4.0,,,,,,4.0,,,,,,4.0,,,,,,3.0,,,,,,4.0,,,,3.0,,,4.0,,,3.0,,,4.0,,,3.0,,,4.0,,,3.0,,,4.0,,,4.0,,,3.0,,,3.0,,,2.0,,,4.0,,,4.0,,,1.0,,,2.0,,,3.0,,,4.0,,,3.0,,,2.0,,,3.0,,,4.0,,,3.0,,,3.0,,,3.0,,,3.0,,,3.0,,,4.0,,,4.0,,,3.0,,,3.0,,,3.0,,,2.0,,,2.0,,,3.3,3.0,3.0,2.9,2.8,0,0
cc20648a-b9bf-4d01-8bc9-422f25407d92,LxolwtgEroBUaeP5mr8I,2026-02-15T06:24:02.474Z,original-gpi,21,Male,Homemaker,UG (Pursuing),,,,Rarely,Somewhat,,3.56,3.16,4.00,Tamas,,,4.0,,,,,,4.0,,,,,,3.0,,,,,,3.0,,,,,,4.0,,,,,,3.0,,,,,,4.0,,,,,,4.0,,,,,,3.0,,,,,,4.0,,,,3.0,,,4.0,,,3.0,,,4.0,,,3.0,,,4.0,,,3.0,,,4.0,,,4.0,,,3.0,,,3.0,,,2.0,,,4.0,,,4.0,,,1.0,,,2.0,,,3.0,,,4.0,,,3.0,,,2.0,,,3.0,,,4.0,,,3.0,,,3.0,,,3.0,,,3.0,,,3.0,,,4.0,,,4.0,,,3.0,,,3.0,,,3.0,,,2.0,,,2.0,,,3.3,3.0,3.1,2.9,2.8,0,0
4f25e33c-2856-4848-a46c-d9e59ca6dae8,Mpn7CHT6FRxZjTwH8JEg,2026-02-13T02:48:23.240Z,original-gpi,21,Male,Student,UG (Pursuing),Electrical Engineering ,3,8.7,Occasional,Somewhat,,2.96,2.64,3.14,Tamas,2.0,I see myself as someone who is reserved.,,,1971.0,,3.0,I see myself as someone who is generally trusting.,,,3427.0,,3.0,I see myself as someone who tends to be lazy.,,,4868.0,,2.0,"I see myself as someone who is relaxed, handles stress well.",,,5823.0,,3.0,I see myself as someone who has few artistic interests.,,,7748.0,,3.0,"I see myself as someone who is outgoing, sociable.",,,8429.0,,3.0,I see myself as someone who tends to find fault with others.,,,9441.0,,2.0,I see myself as someone who does a thorough job.,,,10111.0,,2.0,I see myself as someone who gets nervous easily.,,,11332.0,,3.0,I see myself as someone who has an active imagination.,,,11954.0,,,,,,,,,,,,,,,,,,,,,,,,,,,,,,,,,,,,,,,,,,,,,,,,,,,,,,,,,,,,,,,,,,,,,,,,,,,,,,,,,,,,,,,,,,,,,,,,,,,,,,,,3.0,2.5,3.5,3.0,3.0,80,0
58b47dae-7d0a-4c2a-86c3-5a705a2e12e6,N2GiEIDiIvPU7C1s1qjD,2026-02-14T14:13:43.727Z,original-gpi,38,Female,Working Professional,PG (Completed),,,,Never,Heard of it,,4.22,4.28,3.75,Rajas,,,3.0,Is talkative,,10480.0,,,3.0,Tends to find fault with others,,13737.0,,,4.0,Does a thorough job,,18516.0,,,2.0,"Is depressed, blue",,22720.0,,,4.0,"Is original, comes up with new ideas",,29604.0,,,2.0,Is reserved,,33527.0,,,5.0,Is helpful and unselfish with others,,37693.0,,,4.0,Can be somewhat careless,,42641.0,,,2.0,"Is relaxed, handles stress well",,51061.0,,,4.0,Is curious about many different things,,56239.0,3.0,Is full of energy,58325.0,3.0,Starts quarrels with others,63852.0,5.0,Is a reliable worker,67066.0,4.0,Can be tense,70103.0,3.0,"Is ingenious, a deep thinker",73772.0,3.0,Generates a lot of enthusiasm,75981.0,4.0,Has a forgiving nature,78684.0,4.0,Tends to be disorganized,81190.0,4.0,Worries a lot,83060.0,5.0,Has an active imagination,86747.0,2.0,Tends to be quiet,91485.0,4.0,Is generally trusting,98682.0,4.0,Tends to be lazy,100013.0,3.0,"Is emotionally stable, not easily upset",104512.0,4.0,Is inventive,108501.0,4.0,Has an assertive personality,111113.0,2.0,Can be cold and aloof,116382.0,3.0,Perseveres until the task is finished,124622.0,3.0,Can be moody,126339.0,4.0,"Values artistic, aesthetic experiences",131228.0,2.0,"Is sometimes shy, inhibited",136964.0,4.0,Is considerate and kind to almost everyone,140216.0,3.0,Does things efficiently,143617.0,2.0,Remains calm in tense situations,173620.0,3.0,Prefers work that is routine,182951.0,3.0,"Is outgoing, sociable",185864.0,3.0,Is sometimes rude to others,187600.0,2.0,Makes plans and follows through with them,192594.0,4.0,Gets nervous easily,197575.0,4.0,"Likes to reflect, play with ideas",202306.0,4.0,Has few artistic interests,204681.0,5.0,Likes to cooperate with others,209004.0,4.0,Is easily distracted,211061.0,4.0,"Is sophisticated in art, music, or literature",214979.0,3.5,2.8,3.5,3.9,3.7,85,1
a8d96088-b0a1-4fa4-a48f-03c13a8c65fb,N8cobJfMCgFw3Zjn7ZAS,2026-02-13T10:35:59.755Z,original-gpi,20,Male,Working Professional,UG (Completed),,,,Regular,Very Familiar,,4.63,4.52,3.07,Sattva,,,5.0,Is talkative,,35043.0,,,2.0,Tends to find fault with others,,39221.0,,,2.0,Does a thorough job,,46489.0,,,2.0,"Is depressed, blue",,73797.0,,,4.0,"Is original, comes up with new ideas",,83800.0,,,3.0,Is reserved,,111353.0,,,5.0,Is helpful and unselfish with others,,119499.0,,,5.0,Can be somewhat careless,,121940.0,,,5.0,"Is relaxed, handles stress well",,127461.0,,,5.0,Is curious about many different things,,131420.0,3.0,Is full of energy,133488.0,2.0,Starts quarrels with others,137442.0,3.0,Is a reliable worker,143665.0,2.0,Can be tense,148522.0,2.0,"Is ingenious, a deep thinker",153134.0,4.0,Generates a lot of enthusiasm,162517.0,4.0,Has a forgiving nature,164748.0,4.0,Tends to be disorganized,172229.0,4.0,Worries a lot,175692.0,3.0,Has an active imagination,182434.0,2.0,Tends to be quiet,190489.0,4.0,Is generally trusting,195017.0,5.0,Tends to be lazy,197696.0,4.0,"Is emotionally stable, not easily upset",203784.0,3.0,Is inventive,208687.0,3.0,Has an assertive personality,235536.0,1.0,Can be cold and aloof,274751.0,2.0,Perseveres until the task is finished,281597.0,3.0,Can be moody,285926.0,1.0,"Values artistic, aesthetic experiences",298429.0,4.0,"Is sometimes shy, inhibited",319658.0,4.0,Is considerate and kind to almost everyone,316132.0,2.0,Does things efficiently,324568.0,3.0,Remains calm in tense situations,327884.0,2.0,Prefers work that is routine,332156.0,4.0,"Is outgoing, sociable",337210.0,4.0,Is sometimes rude to others,339314.0,2.0,Makes plans and follows through with them,345181.0,3.0,Gets nervous easily,349784.0,4.0,"Likes to reflect, play with ideas",354839.0,2.0,Has few artistic interests,362895.0,3.0,Likes to cooperate with others,372311.0,4.0,Is easily distracted,375033.0,1.0,"Is sophisticated in art, music, or literature",380141.0,0.0,0.0,0.0,0.0,0.0,84,0
8bfb73e9-8869-41e8-bddb-ba75385f463f,OBLkoNHMiHs4hLe5ybzX,2026-02-13T13:43:49.060Z,original-gpi,23,Male,Student,UG (Pursuing),,4,,Regular,Very Familiar,,5.15,3.04,2.61,Sattva,,,3.0,Is talkative,,24802.0,,,4.0,Tends to find fault with others,,29557.0,,,3.0,Does a thorough job,,30808.0,,,2.0,"Is depressed, blue",,32940.0,,,3.0,"Is original, comes up with new ideas",,35227.0,,,4.0,Is reserved,,39142.0,,,3.0,Is helpful and unselfish with others,,40908.0,,,3.0,Can be somewhat careless,,42987.0,,,3.0,"Is relaxed, handles stress well",,45598.0,,,3.0,Is curious about many different things,,47390.0,4.0,Is full of energy,49240.0,3.0,Starts quarrels with others,51813.0,4.0,Is a reliable worker,53390.0,3.0,Can be tense,55048.0,4.0,"Is ingenious, a deep thinker",57081.0,4.0,Generates a lot of enthusiasm,59518.0,5.0,Has a forgiving nature,61647.0,4.0,Tends to be disorganized,63830.0,3.0,Worries a lot,65221.0,4.0,Has an active imagination,67495.0,3.0,Tends to be quiet,131249.0,4.0,Is generally trusting,70708.0,3.0,Tends to be lazy,72144.0,4.0,"Is emotionally stable, not easily upset",75345.0,4.0,Is inventive,78611.0,4.0,Has an assertive personality,80265.0,3.0,Can be cold and aloof,84044.0,4.0,Perseveres until the task is finished,86425.0,4.0,Can be moody,89074.0,4.0,"Values artistic, aesthetic experiences",90713.0,4.0,"Is sometimes shy, inhibited",94366.0,3.0,Is considerate and kind to almost everyone,96448.0,4.0,Does things efficiently,98232.0,5.0,Remains calm in tense situations,99738.0,4.0,Prefers work that is routine,101759.0,3.0,"Is outgoing, sociable",138607.0,4.0,Is sometimes rude to others,105089.0,4.0,Makes plans and follows through with them,107038.0,2.0,Gets nervous easily,109989.0,3.0,"Likes to reflect, play with ideas",114553.0,3.0,Has few artistic interests,116635.0,4.0,Likes to cooperate with others,118197.0,2.0,Is easily distracted,121559.0,4.0,"Is sophisticated in art, music, or literature",124021.0,0.0,0.0,0.0,0.0,0.0,93,0
7227fbff-e393-4cbd-9a56-8a4c89c1b605,OXeP9MBNlHlh8JZbnRzc,2026-02-12T07:58:57.544Z,,21,Female,,,Electrical Engineering ,4,8.7,,,,,,,,3.0,,,,,,4.0,,,,,,2.0,,,,,,3.0,,,,,,4.0,,,,,,3.0,,,,,,2.0,,,,,,3.0,,,,,,4.0,,,,,,3.0,,,,,,,,,,,,,,,,,,,,,,,,,,,,,,,,,,,,,,,,,,,,,,,,,,,,,,,,,,,,,,,,,,,,,,,,,,,,,,,,,,,,,,,,,,,,,,,,,,,,,,,,,,,,,,,,,57,0
71b8dd3c-4442-4e2c-9d50-0b66d35f7186,OuxGtyd9GabptdeF21JD,2026-02-13T06:39:18.150Z,original-gpi,26,Male,Other,PG (Completed),,,,Regular,Very Familiar,,4.37,3.92,3.93,Sattva,3.0,I see myself as someone who is reserved.,,,76178.0,,5.0,I see myself as someone who is generally trusting.,,,110630.0,,4.0,I see myself as someone who tends to be lazy.,,,143261.0,,3.0,"I see myself as someone who is relaxed, handles stress well.",,,156067.0,,5.0,I see myself as someone who has few artistic interests.,,,202690.0,,3.0,"I see myself as someone who is outgoing, sociable.",,,248026.0,,5.0,I see myself as someone who tends to find fault with others.,,,257970.0,,2.0,I see myself as someone who does a thorough job.,,,265244.0,,5.0,I see myself as someone who gets nervous easily.,,,271974.0,,4.0,I see myself as someone who has an active imagination.,,,280942.0,,,,,,,,,,,,,,,,,,,,,,,,,,,,,,,,,,,,,,,,,,,,,,,,,,,,,,,,,,,,,,,,,,,,,,,,,,,,,,,,,,,,,,,,,,,,,,,,,,,,,,,,4.0,2.0,3.0,3.0,2.5,94,0
3c3314e9-aa0e-43d7-8be1-8277b6892e70,POB0iSG8yWeAtXaNQliG,2026-02-13T09:58:09.570Z,original-gpi,18,Male,Student,High School,CSE,2,9.5,Rarely,Heard of it,,4.70,4.68,3.50,Sattva,,,2.0,Is talkative,,11216.0,,,3.0,Tends to find fault with others,,15243.0,,,5.0,Does a thorough job,,19357.0,,,3.0,"Is depressed, blue",,25425.0,,,5.0,"Is original, comes up with new ideas",,32372.0,,,3.0,Is reserved,,41097.0,,,4.0,Is helpful and unselfish with others,,44821.0,,,2.0,Can be somewhat careless,,48855.0,,,4.0,"Is relaxed, handles stress well",,54172.0,,,5.0,Is curious about many different things,,57827.0,4.0,Is full of energy,61487.0,1.0,Starts quarrels with others,64692.0,4.0,Is a reliable worker,67167.0,3.0,Can be tense,71399.0,4.0,"Is ingenious, a deep thinker",77328.0,5.0,Generates a lot of enthusiasm,82963.0,5.0,Has a forgiving nature,89516.0,4.0,Tends to be disorganized,93349.0,4.0,Worries a lot,95115.0,4.0,Has an active imagination,96975.0,4.0,Tends to be quiet,100621.0,4.0,Is generally trusting,102264.0,3.0,Tends to be lazy,104731.0,3.0,"Is emotionally stable, not easily upset",108960.0,3.0,Is inventive,112585.0,4.0,Has an assertive personality,131656.0,3.0,Can be cold and aloof,135710.0,4.0,Perseveres until the task is finished,143169.0,5.0,Can be moody,144802.0,4.0,"Values artistic, aesthetic experiences",157151.0,4.0,"Is sometimes shy, inhibited",159848.0,4.0,Is considerate and kind to almost everyone,162636.0,4.0,Does things efficiently,164575.0,4.0,Remains calm in tense situations,166593.0,4.0,Prefers work that is routine,170207.0,2.0,"Is outgoing, sociable",173676.0,1.0,Is sometimes rude to others,176061.0,4.0,Makes plans and follows through with them,179079.0,4.0,Gets nervous easily,181433.0,3.0,"Likes to reflect, play with ideas",187547.0,4.0,Has few artistic interests,190849.0,4.0,Likes to cooperate with others,193708.0,3.0,Is easily distracted,195768.0,4.0,"Is sophisticated in art, music, or literature",198854.0,0.0,0.0,0.0,0.0,0.0,103,1
cc20648a-b9bf-4d01-8bc9-422f25407d92,Pe3TFZDhTk5Man1yRTwu,2026-02-15T06:41:46.305Z,original-gpi,21,Male,Homemaker,UG (Pursuing),,,,Rarely,Somewhat,,3.44,3.16,4.07,Tamas,,,4.0,,,,,,4.0,,,,,,3.0,,,,,,3.0,,,,,,4.0,,,,,,4.0,,,,,,4.0,,,,,,4.0,,,,,,3.0,,,,,,4.0,,,,3.0,,,4.0,,,3.0,,,4.0,,,3.0,,,4.0,,,3.0,,,4.0,,,4.0,,,3.0,,,3.0,,,2.0,,,4.0,,,4.0,,,1.0,,,2.0,,,3.0,,,4.0,,,3.0,,,2.0,,,3.0,,,4.0,,,3.0,,,3.0,,,3.0,,,3.0,,,3.0,,,4.0,,,4.0,,,3.0,,,3.0,,,3.0,,,2.0,,,2.0,,,3.3,3.0,3.0,2.9,2.8,0,0
3c2b8888-0264-4714-897b-586727cfa3d4,Q6oryt48lmx6jzUl5gbT,2026-02-14T13:37:58.097Z,original-gpi,20,Male,Student,UG (Pursuing),Chemical engineering ,3,7.1,Occasional,Somewhat,,3.33,4.08,2.39,Rajas,,,1.0,Is talkative,,7932.0,,,1.0,Tends to find fault with others,,10223.0,,,3.0,Does a thorough job,,15001.0,,,1.0,"Is depressed, blue",,17134.0,,,3.0,"Is original, comes up with new ideas",,24449.0,,,1.0,Is reserved,,26241.0,,,1.0,Is helpful and unselfish with others,,29186.0,,,4.0,Can be somewhat careless,,35106.0,,,5.0,"Is relaxed, handles stress well",,39433.0,,,5.0,Is curious about many different things,,41797.0,3.0,Is full of energy,43755.0,1.0,Starts quarrels with others,49145.0,2.0,Is a reliable worker,52803.0,1.0,Can be tense,70644.0,5.0,"Is ingenious, a deep thinker",75208.0,2.0,Generates a lot of enthusiasm,78483.0,1.0,Has a forgiving nature,82425.0,5.0,Tends to be disorganized,86241.0,1.0,Worries a lot,88169.0,5.0,Has an active imagination,90182.0,4.0,Tends to be quiet,93759.0,3.0,Is generally trusting,99538.0,5.0,Tends to be lazy,102190.0,5.0,"Is emotionally stable, not easily upset",104865.0,4.0,Is inventive,107399.0,5.0,Has an assertive personality,109836.0,5.0,Can be cold and aloof,111566.0,3.0,Perseveres until the task is finished,116296.0,1.0,Can be moody,117709.0,5.0,"Values artistic, aesthetic experiences",121042.0,1.0,"Is sometimes shy, inhibited",123082.0,1.0,Is considerate and kind to almost everyone,126421.0,2.0,Does things efficiently,130017.0,5.0,Remains calm in tense situations,132120.0,3.0,Prefers work that is routine,136777.0,4.0,"Is outgoing, sociable",139275.0,2.0,Is sometimes rude to others,146294.0,2.0,Makes plans and follows through with them,152513.0,1.0,Gets nervous easily,154070.0,3.0,"Likes to reflect, play with ideas",159089.0,5.0,Has few artistic interests,161181.0,5.0,Likes to cooperate with others,167037.0,1.0,Is easily distracted,169623.0,5.0,"Is sophisticated in art, music, or literature",172948.0,1.0,2.3,3.4,2.9,3.9,94,0
733136a3-9bab-4f6c-8c4e-7383a3176e6a,SGrXAY568l5bOfRVBxyX,2026-02-14T09:09:24.969Z,original-gpi,17,Female,Student,High School,Science ,,7.2,Regular,Very Familiar,,5.63,4.40,2.82,Sattva,,,3.0,Is talkative,,9210.0,,,1.0,Tends to find fault with others,,25526.0,,,5.0,Does a thorough job,,27819.0,,,1.0,"Is depressed, blue",,33549.0,,,4.0,"Is original, comes up with new ideas",,37666.0,,,3.0,Is reserved,,40459.0,,,4.0,Is helpful and unselfish with others,,44385.0,,,3.0,Can be somewhat careless,,48524.0,,,4.0,"Is relaxed, handles stress well",,51868.0,,,5.0,Is curious about many different things,,54586.0,4.0,Is full of energy,57204.0,4.0,Starts quarrels with others,59521.0,5.0,Is a reliable worker,61307.0,5.0,Can be tense,63182.0,5.0,"Is ingenious, a deep thinker",65659.0,5.0,Generates a lot of enthusiasm,67469.0,5.0,Has a forgiving nature,69244.0,4.0,Tends to be disorganized,71759.0,5.0,Worries a lot,73571.0,5.0,Has an active imagination,75752.0,4.0,Tends to be quiet,77167.0,4.0,Is generally trusting,79528.0,4.0,Tends to be lazy,81262.0,3.0,"Is emotionally stable, not easily upset",85530.0,4.0,Is inventive,87638.0,4.0,Has an assertive personality,89942.0,4.0,Can be cold and aloof,92392.0,5.0,Perseveres until the task is finished,96015.0,3.0,Can be moody,97574.0,4.0,"Values artistic, aesthetic experiences",101788.0,4.0,"Is sometimes shy, inhibited",105471.0,5.0,Is considerate and kind to almost everyone,109270.0,5.0,Does things efficiently,112189.0,5.0,Remains calm in tense situations,115497.0,4.0,Prefers work that is routine,120128.0,4.0,"Is outgoing, sociable",121825.0,5.0,Is sometimes rude to others,125983.0,4.0,Makes plans and follows through with them,130572.0,4.0,Gets nervous easily,132183.0,4.0,"Likes to reflect, play with ideas",138190.0,2.0,Has few artistic interests,141606.0,4.0,Likes to cooperate with others,143817.0,3.0,Is easily distracted,145932.0,5.0,"Is sophisticated in art, music, or literature",149864.0,3.0,3.8,3.4,3.6,4.2,92,0
ada2d6a6-229d-43fe-920f-b738009cd6a8,TWCILDEIHfgx1psm8vsZ,2026-02-15T04:17:27.425Z,original-gpi,24,Female,Student,UG (Pursuing),Medicine ,4,60,Never,Heard of it,,3.93,4.24,4.04,Rajas,,,2.0,Is talkative,,2700666.0,,,4.0,Tends to find fault with others,,19360.0,,,3.0,Does a thorough job,,23963.0,,,3.0,"Is depressed, blue",,34995.0,,,3.0,"Is original, comes up with new ideas",,45693.0,,,4.0,Is reserved,,49029.0,,,2.0,Is helpful and unselfish with others,,54939.0,,,3.0,Can be somewhat careless,,60416.0,,,4.0,"Is relaxed, handles stress well",,63083.0,,,4.0,Is curious about many different things,,1694712.0,3.0,Is full of energy,1696621.0,2.0,Starts quarrels with others,1699175.0,4.0,Is a reliable worker,1702226.0,3.0,Can be tense,1742476.0,4.0,"Is ingenious, a deep thinker",1753176.0,3.0,Generates a lot of enthusiasm,1751094.0,2.0,Has a forgiving nature,1756288.0,2.0,Tends to be disorganized,1761017.0,3.0,Worries a lot,1762905.0,5.0,Has an active imagination,1768254.0,3.0,Tends to be quiet,1770916.0,4.0,Is generally trusting,1777769.0,5.0,Tends to be lazy,1779320.0,4.0,"Is emotionally stable, not easily upset",1786641.0,2.0,Is inventive,1789402.0,3.0,Has an assertive personality,1792894.0,5.0,Can be cold and aloof,1796278.0,4.0,Perseveres until the task is finished,1802924.0,3.0,Can be moody,1805373.0,5.0,"Values artistic, aesthetic experiences",1809127.0,4.0,"Is sometimes shy, inhibited",1815994.0,2.0,Is considerate and kind to almost everyone,1822913.0,3.0,Does things efficiently,1862101.0,4.0,Remains calm in tense situations,1871671.0,3.0,Prefers work that is routine,2646788.0,4.0,"Is outgoing, sociable",1887223.0,2.0,Is sometimes rude to others,2653966.0,3.0,Makes plans and follows through with them,2659088.0,4.0,Gets nervous easily,2661350.0,4.0,"Likes to reflect, play with ideas",2668606.0,3.0,Has few artistic interests,2675017.0,4.0,Likes to cooperate with others,2678455.0,5.0,Is easily distracted,2681370.0,4.0,"Is sophisticated in art, music, or literature",2689045.0,2.8,2.9,2.8,2.8,3.7,91,0
3e90a0a8-7cff-4cd8-8d09-6b80c0c8cab2,UNilbKh7YhBd8oE2BMZG,2026-02-13T04:16:35.208Z,original-gpi,24,Male,Student,PG (Completed),Computer Science & Engineering,PG,7.5,Regular,Very Familiar,,6.37,3.60,3.00,Sattva,1.0,I see myself as someone who is reserved.,,,48063.0,,5.0,I see myself as someone who is generally trusting.,,,63564.0,,5.0,I see myself as someone who tends to be lazy.,,,71298.0,,4.0,"I see myself as someone who is relaxed, handles stress well.",,,82220.0,,3.0,I see myself as someone who has few artistic interests.,,,98313.0,,4.0,"I see myself as someone who is outgoing, sociable.",,,108834.0,,4.0,I see myself as someone who tends to find fault with others.,,,115316.0,,4.0,I see myself as someone who does a thorough job.,,,121471.0,,5.0,I see myself as someone who gets nervous easily.,,,126393.0,,5.0,I see myself as someone who has an active imagination.,,,131985.0,,,,,,,,,,,,,,,,,,,,,,,,,,,,,,,,,,,,,,,,,,,,,,,,,,,,,,,,,,,,,,,,,,,,,,,,,,,,,,,,,,,,,,,,,,,,,,,,,,,,,,,,3.5,2.5,4.5,3.5,4.0,94,0
bf536e48-31b6-4885-a5c5-f90cd82ae6ff,V9Uj3nXzxKtD3ag93ZdB,2026-02-15T06:34:37.068Z,original-gpi,18,Male,Student,UG (Pursuing),,1,,Regular,Very Familiar,,4.48,4.40,3.14,Sattva,,,4.0,Is talkative,,24255.0,,,1.0,Tends to find fault with others,,27206.0,,,5.0,Does a thorough job,,30857.0,,,2.0,"Is depressed, blue",,33329.0,,,5.0,"Is original, comes up with new ideas",,38859.0,,,3.0,Is reserved,,42844.0,,,5.0,Is helpful and unselfish with others,,47646.0,,,4.0,Can be somewhat careless,,56133.0,,,2.0,"Is relaxed, handles stress well",,61372.0,,,5.0,Is curious about many different things,,63214.0,4.0,Is full of energy,65052.0,1.0,Starts quarrels with others,67238.0,4.0,Is a reliable worker,70531.0,4.0,Can be tense,73129.0,5.0,"Is ingenious, a deep thinker",75388.0,5.0,Generates a lot of enthusiasm,78249.0,5.0,Has a forgiving nature,81902.0,2.0,Tends to be disorganized,85275.0,3.0,Worries a lot,87984.0,4.0,Has an active imagination,91059.0,5.0,Tends to be quiet,92906.0,5.0,Is generally trusting,94576.0,3.0,Tends to be lazy,97671.0,2.0,"Is emotionally stable, not easily upset",101694.0,4.0,Is inventive,104868.0,4.0,Has an assertive personality,107030.0,4.0,Can be cold and aloof,110352.0,4.0,Perseveres until the task is finished,119335.0,4.0,Can be moody,121833.0,4.0,"Values artistic, aesthetic experiences",124760.0,4.0,"Is sometimes shy, inhibited",128954.0,4.0,Is considerate and kind to almost everyone,132660.0,3.0,Does things efficiently,139098.0,3.0,Remains calm in tense situations,142301.0,4.0,Prefers work that is routine,146903.0,3.0,"Is outgoing, sociable",149969.0,2.0,Is sometimes rude to others,152526.0,4.0,Makes plans and follows through with them,157427.0,5.0,Gets nervous easily,160298.0,5.0,"Likes to reflect, play with ideas",164164.0,5.0,Has few artistic interests,167042.0,3.0,Likes to cooperate with others,172077.0,3.0,Is easily distracted,174699.0,5.0,"Is sophisticated in art, music, or literature",177925.0,3.6,3.6,3.3,4.2,4.0,100,0
75d8030b-c1a3-407e-8e94-9fc97cf0bca4,VOVwCez6VtPNqOy0NLBy,2026-02-15T00:28:47.108Z,original-gpi,25,Male,Student,PG (Completed),Electronics and Communication Engineering,2,6.5,Regular,Very Familiar,,4.93,3.76,3.29,Sattva,,,2.0,Is talkative,,10616.0,,,2.0,Tends to find fault with others,,14430.0,,,2.0,Does a thorough job,,19369.0,,,4.0,"Is depressed, blue",,42706.0,,,5.0,"Is original, comes up with new ideas",,48043.0,,,5.0,Is reserved,,50899.0,,,5.0,Is helpful and unselfish with others,,56012.0,,,1.0,Can be somewhat careless,,61732.0,,,2.0,"Is relaxed, handles stress well",,67616.0,,,5.0,Is curious about many different things,,72165.0,3.0,Is full of energy,75824.0,1.0,Starts quarrels with others,79394.0,4.0,Is a reliable worker,82377.0,4.0,Can be tense,84886.0,5.0,"Is ingenious, a deep thinker",95825.0,5.0,Generates a lot of enthusiasm,105915.0,4.0,Has a forgiving nature,112113.0,2.0,Tends to be disorganized,116073.0,4.0,Worries a lot,119806.0,2.0,Has an active imagination,130353.0,5.0,Tends to be quiet,132533.0,4.0,Is generally trusting,135648.0,4.0,Tends to be lazy,142661.0,3.0,"Is emotionally stable, not easily upset",148256.0,4.0,Is inventive,151119.0,2.0,Has an assertive personality,153958.0,4.0,Can be cold and aloof,157980.0,5.0,Perseveres until the task is finished,161530.0,2.0,Can be moody,164885.0,5.0,"Values artistic, aesthetic experiences",174547.0,3.0,"Is sometimes shy, inhibited",186489.0,5.0,Is considerate and kind to almost everyone,191028.0,4.0,Does things efficiently,201399.0,5.0,Remains calm in tense situations,203852.0,5.0,Prefers work that is routine,206758.0,2.0,"Is outgoing, sociable",212125.0,1.0,Is sometimes rude to others,215379.0,4.0,Makes plans and follows through with them,219536.0,3.0,Gets nervous easily,223311.0,4.0,"Likes to reflect, play with ideas",226143.0,4.0,Has few artistic interests,244093.0,4.0,Likes to cooperate with others,239908.0,4.0,Is easily distracted,233455.0,5.0,"Is sophisticated in art, music, or literature",230491.0,3.1,3.6,2.4,4.2,3.8,85,1
74476076-1c84-4cac-8360-992df1dfd0bf,VaaA3yjIPzdkTggWhvWl,2026-02-14T15:24:41.812Z,original-gpi,24,Male,Working Professional,UG (Completed),,,,Regular,Very Familiar,,5.81,3.36,2.07,Sattva,,,3.0,Is talkative,,36769.0,,,2.0,Tends to find fault with others,,46782.0,,,4.0,Does a thorough job,,73935.0,,,1.0,"Is depressed, blue",,86471.0,,,4.0,"Is original, comes up with new ideas",,92442.0,,,4.0,Is reserved,,101263.0,,,4.0,Is helpful and unselfish with others,,113177.0,,,2.0,Can be somewhat careless,,126212.0,,,4.0,"Is relaxed, handles stress well",,131571.0,,,4.0,Is curious about many different things,,140847.0,4.0,Is full of energy,144612.0,1.0,Starts quarrels with others,148708.0,4.0,Is a reliable worker,152259.0,3.0,Can be tense,158176.0,5.0,"Is ingenious, a deep thinker",164210.0,4.0,Generates a lot of enthusiasm,168008.0,4.0,Has a forgiving nature,174198.0,2.0,Tends to be disorganized,179074.0,2.0,Worries a lot,184778.0,5.0,Has an active imagination,191998.0,4.0,Tends to be quiet,199326.0,4.0,Is generally trusting,202521.0,2.0,Tends to be lazy,210287.0,5.0,"Is emotionally stable, not easily upset",221152.0,4.0,Is inventive,226918.0,4.0,Has an assertive personality,231610.0,2.0,Can be cold and aloof,242404.0,4.0,Perseveres until the task is finished,256064.0,3.0,Can be moody,261818.0,5.0,"Values artistic, aesthetic experiences",282079.0,1.0,"Is sometimes shy, inhibited",339594.0,4.0,Is considerate and kind to almost everyone,351854.0,4.0,Does things efficiently,354654.0,5.0,Remains calm in tense situations,360188.0,4.0,Prefers work that is routine,369552.0,4.0,"Is outgoing, sociable",378183.0,1.0,Is sometimes rude to others,385200.0,4.0,Makes plans and follows through with them,392876.0,2.0,Gets nervous easily,403957.0,5.0,"Likes to reflect, play with ideas",409184.0,4.0,Has few artistic interests,420437.0,5.0,Likes to cooperate with others,428579.0,2.0,Is easily distracted,436135.0,4.0,"Is sophisticated in art, music, or literature",449976.0,1.9,4.0,3.5,4.3,4.0,102,1
9afc305e-9233-4de5-91c0-9c555df4e67e,W3Dz3rexG6q1eRTQt3a0,2026-02-14T13:52:29.367Z,original-gpi,23,Female,Other,UG (Completed),,,,Regular,Somewhat,,5.85,5.32,3.39,Sattva,,,5.0,Is talkative,,18298.0,,,2.0,Tends to find fault with others,,23188.0,,,4.0,Does a thorough job,,29697.0,,,3.0,"Is depressed, blue",,33399.0,,,5.0,"Is original, comes up with new ideas",,36748.0,,,5.0,Is reserved,,39697.0,,,5.0,Is helpful and unselfish with others,,43709.0,,,2.0,Can be somewhat careless,,50182.0,,,5.0,"Is relaxed, handles stress well",,53627.0,,,5.0,Is curious about many different things,,56358.0,5.0,Is full of energy,57938.0,1.0,Starts quarrels with others,62619.0,5.0,Is a reliable worker,65629.0,3.0,Can be tense,69513.0,5.0,"Is ingenious, a deep thinker",75429.0,4.0,Generates a lot of enthusiasm,78531.0,1.0,Has a forgiving nature,83401.0,1.0,Tends to be disorganized,87282.0,1.0,Worries a lot,91385.0,5.0,Has an active imagination,96215.0,5.0,Tends to be quiet,98306.0,5.0,Is generally trusting,100392.0,3.0,Tends to be lazy,103725.0,2.0,"Is emotionally stable, not easily upset",110331.0,5.0,Is inventive,112660.0,5.0,Has an assertive personality,114548.0,5.0,Can be cold and aloof,118027.0,5.0,Perseveres until the task is finished,121640.0,5.0,Can be moody,123836.0,5.0,"Values artistic, aesthetic experiences",126409.0,5.0,"Is sometimes shy, inhibited",128979.0,5.0,Is considerate and kind to almost everyone,137856.0,3.0,Does things efficiently,140386.0,3.0,Remains calm in tense situations,142430.0,5.0,Prefers work that is routine,149900.0,5.0,"Is outgoing, sociable",152784.0,5.0,Is sometimes rude to others,156827.0,5.0,Makes plans and follows through with them,160795.0,5.0,Gets nervous easily,163528.0,5.0,"Likes to reflect, play with ideas",166969.0,5.0,Has few artistic interests,171393.0,5.0,Likes to cooperate with others,174049.0,3.0,Is easily distracted,177705.0,3.0,"Is sophisticated in art, music, or literature",180998.0,3.1,4.1,3.4,3.6,4.0,87,4
61685190-6142-46b7-a509-4d2175e2b8bd,WPvziDgGreELSgyMTr8O,2026-02-13T08:28:29.938Z,original-gpi,21,Male,Student,UG (Completed),BTech/CSE,4,7.5,Regular,Very Familiar,,4.93,3.92,3.25,Sattva,,,4.0,Is talkative,,14153.0,,,3.0,Tends to find fault with others,,16953.0,,,3.0,Does a thorough job,,20794.0,,,2.0,"Is depressed, blue",,24561.0,,,4.0,"Is original, comes up with new ideas",,29435.0,,,2.0,Is reserved,,31983.0,,,4.0,Is helpful and unselfish with others,,36048.0,,,5.0,Can be somewhat careless,,42522.0,,,4.0,"Is relaxed, handles stress well",,46845.0,,,5.0,Is curious about many different things,,50365.0,4.0,Is full of energy,51845.0,2.0,Starts quarrels with others,55185.0,3.0,Is a reliable worker,57416.0,3.0,Can be tense,59996.0,5.0,"Is ingenious, a deep thinker",62413.0,5.0,Generates a lot of enthusiasm,64040.0,4.0,Has a forgiving nature,66122.0,5.0,Tends to be disorganized,68418.0,4.0,Worries a lot,71532.0,5.0,Has an active imagination,72995.0,4.0,Tends to be quiet,75411.0,4.0,Is generally trusting,77340.0,5.0,Tends to be lazy,79141.0,4.0,"Is emotionally stable, not easily upset",82285.0,3.0,Is inventive,89314.0,4.0,Has an assertive personality,98601.0,3.0,Can be cold and aloof,102095.0,3.0,Perseveres until the task is finished,105425.0,4.0,Can be moody,106791.0,5.0,"Values artistic, aesthetic experiences",108623.0,4.0,"Is sometimes shy, inhibited",110946.0,5.0,Is considerate and kind to almost everyone,114791.0,3.0,Does things efficiently,117256.0,4.0,Remains calm in tense situations,121051.0,2.0,Prefers work that is routine,123795.0,4.0,"Is outgoing, sociable",128182.0,3.0,Is sometimes rude to others,130526.0,2.0,Makes plans and follows through with them,134882.0,3.0,Gets nervous easily,136684.0,4.0,"Likes to reflect, play with ideas",138926.0,4.0,Has few artistic interests,140960.0,4.0,Likes to cooperate with others,142476.0,5.0,Is easily distracted,144236.0,5.0,"Is sophisticated in art, music, or literature",146783.0,0.0,0.0,0.0,0.0,0.0,105,0
63302afb-80f8-441a-b191-0f9d504b827e,WfHaOt7kcMviehxRwY4H,2026-02-13T06:18:21.092Z,original-gpi,18,Male,Student,UG (Pursuing),Mechanical Engineering ,1,8,Regular,Very Familiar,,3.96,4.48,4.00,Rajas,3.0,I see myself as someone who is reserved.,,,49966.0,,4.0,I see myself as someone who is generally trusting.,,,58275.0,,5.0,I see myself as someone who tends to be lazy.,,,62019.0,,1.0,"I see myself as someone who is relaxed, handles stress well.",,,77638.0,,2.0,I see myself as someone who has few artistic interests.,,,84427.0,,2.0,"I see myself as someone who is outgoing, sociable.",,,88567.0,,3.0,I see myself as someone who tends to find fault with others.,,,95817.0,,2.0,I see myself as someone who does a thorough job.,,,104491.0,,4.0,I see myself as someone who gets nervous easily.,,,109137.0,,2.0,I see myself as someone who has an active imagination.,,,116329.0,,,,,,,,,,,,,,,,,,,,,,,,,,,,,,,,,,,,,,,,,,,,,,,,,,,,,,,,,,,,,,,,,,,,,,,,,,,,,,,,,,,,,,,,,,,,,,,,,,,,,,,,4.5,1.5,2.5,3.5,3.0,91,0
529062d6-e037-4fdb-96fd-35c5e2437c81,XqkkHZSl0j8tZhd56ZkJ,2026-02-15T06:56:36.176Z,original-gpi,19,Male,Student,UG (Pursuing),Maths and computing ,1,6.4,Never,Heard of it,,3.67,5.04,4.04,Rajas,,,1.0,Is talkative,,3570.0,,,4.0,Tends to find fault with others,,233708.0,,,2.0,Does a thorough job,,17306.0,,,4.0,"Is depressed, blue",,24779.0,,,4.0,"Is original, comes up with new ideas",,33341.0,,,5.0,Is reserved,,45962.0,,,5.0,Is helpful and unselfish with others,,55915.0,,,4.0,Can be somewhat careless,,62001.0,,,1.0,"Is relaxed, handles stress well",,64090.0,,,5.0,Is curious about many different things,,67451.0,3.0,Is full of energy,70417.0,1.0,Starts quarrels with others,73800.0,2.0,Is a reliable worker,91132.0,4.0,Can be tense,93697.0,4.0,"Is ingenious, a deep thinker",95465.0,1.0,Generates a lot of enthusiasm,104640.0,5.0,Has a forgiving nature,107161.0,4.0,Tends to be disorganized,108863.0,5.0,Worries a lot,110788.0,4.0,Has an active imagination,112860.0,5.0,Tends to be quiet,115447.0,5.0,Is generally trusting,119112.0,4.0,Tends to be lazy,121416.0,4.0,"Is emotionally stable, not easily upset",124688.0,4.0,Is inventive,131458.0,1.0,Has an assertive personality,136328.0,5.0,Can be cold and aloof,143301.0,4.0,Perseveres until the task is finished,145573.0,5.0,Can be moody,150330.0,5.0,"Values artistic, aesthetic experiences",156617.0,5.0,"Is sometimes shy, inhibited",158361.0,5.0,Is considerate and kind to almost everyone,160760.0,2.0,Does things efficiently,164186.0,2.0,Remains calm in tense situations,170426.0,4.0,Prefers work that is routine,175985.0,3.0,"Is outgoing, sociable",178242.0,1.0,Is sometimes rude to others,190595.0,3.0,Makes plans and follows through with them,196638.0,5.0,Gets nervous easily,199636.0,4.0,"Likes to reflect, play with ideas",206744.0,4.0,Has few artistic interests,210094.0,5.0,Likes to cooperate with others,212073.0,4.0,Is easily distracted,216379.0,3.0,"Is sophisticated in art, music, or literature",220541.0,4.3,2.3,1.5,4.2,3.7,112,12
0f230805-15ff-42be-adb5-969ebb734532,Yc5mrdHbBy07f3bMAes7,2026-02-15T06:45:41.675Z,original-gpi,24,Female,Student,UG (Completed),MBBS ,4,65,Rarely,Heard of it,,4.78,4.68,3.75,Sattva,,,4.0,Is talkative,,14991.0,,,4.0,Tends to find fault with others,,23401.0,,,5.0,Does a thorough job,,48835.0,,,3.0,"Is depressed, blue",,55315.0,,,4.0,"Is original, comes up with new ideas",,70686.0,,,4.0,Is reserved,,75703.0,,,2.0,Is helpful and unselfish with others,,81380.0,,,1.0,Can be somewhat careless,,89976.0,,,3.0,"Is relaxed, handles stress well",,99368.0,,,5.0,Is curious about many different things,,103466.0,4.0,Is full of energy,107068.0,2.0,Starts quarrels with others,111329.0,4.0,Is a reliable worker,115777.0,4.0,Can be tense,120409.0,5.0,"Is ingenious, a deep thinker",123219.0,5.0,Generates a lot of enthusiasm,125885.0,5.0,Has a forgiving nature,129383.0,2.0,Tends to be disorganized,132598.0,5.0,Worries a lot,135497.0,4.0,Has an active imagination,139294.0,3.0,Tends to be quiet,141326.0,5.0,Is generally trusting,146076.0,4.0,Tends to be lazy,149074.0,2.0,"Is emotionally stable, not easily upset",152783.0,5.0,Is inventive,155817.0,5.0,Has an assertive personality,159451.0,4.0,Can be cold and aloof,164378.0,5.0,Perseveres until the task is finished,168208.0,4.0,Can be moody,170494.0,5.0,"Values artistic, aesthetic experiences",174453.0,4.0,"Is sometimes shy, inhibited",181420.0,4.0,Is considerate and kind to almost everyone,187046.0,5.0,Does things efficiently,190049.0,2.0,Remains calm in tense situations,196708.0,5.0,Prefers work that is routine,200203.0,4.0,"Is outgoing, sociable",204420.0,4.0,Is sometimes rude to others,208489.0,5.0,Makes plans and follows through with them,212661.0,5.0,Gets nervous easily,215794.0,4.0,"Likes to reflect, play with ideas",221296.0,4.0,Has few artistic interests,227141.0,5.0,Likes to cooperate with others,229052.0,4.0,Is easily distracted,232601.0,4.0,"Is sophisticated in art, music, or literature",237586.0,4.0,4.1,3.6,3.4,3.9,35,0
4a2af908-0379-487f-a6d7-81440e21c1ed,Yx68JEe8og9Ak4sGIdTS,2026-02-14T14:02:08.292Z,original-gpi,24,Female,Other,UG (Completed),,,,Regular,Very Familiar,,5.11,2.68,1.43,Sattva,,,1.0,Is talkative,,5761.0,,,1.0,Tends to find fault with others,,12043.0,,,1.0,Does a thorough job,,20726.0,,,1.0,"Is depressed, blue",,23393.0,,,5.0,"Is original, comes up with new ideas",,31725.0,,,5.0,Is reserved,,35545.0,,,5.0,Is helpful and unselfish with others,,42972.0,,,4.0,Can be somewhat careless,,59353.0,,,4.0,"Is relaxed, handles stress well",,64825.0,,,5.0,Is curious about many different things,,70666.0,5.0,Is full of energy,73869.0,1.0,Starts quarrels with others,76929.0,5.0,Is a reliable worker,90869.0,3.0,Can be tense,104143.0,5.0,"Is ingenious, a deep thinker",113842.0,4.0,Generates a lot of enthusiasm,117623.0,5.0,Has a forgiving nature,121036.0,1.0,Tends to be disorganized,128451.0,2.0,Worries a lot,147175.0,5.0,Has an active imagination,152551.0,5.0,Tends to be quiet,154981.0,5.0,Is generally trusting,155915.0,3.0,Tends to be lazy,163070.0,4.0,"Is emotionally stable, not easily upset",167364.0,5.0,Is inventive,174664.0,5.0,Has an assertive personality,185150.0,1.0,Can be cold and aloof,192175.0,3.0,Perseveres until the task is finished,198175.0,5.0,Can be moody,200315.0,5.0,"Values artistic, aesthetic experiences",203631.0,1.0,"Is sometimes shy, inhibited",217953.0,5.0,Is considerate and kind to almost everyone,224528.0,4.0,Does things efficiently,227316.0,3.0,Remains calm in tense situations,231788.0,4.0,Prefers work that is routine,238635.0,1.0,"Is outgoing, sociable",241947.0,3.0,Is sometimes rude to others,247616.0,1.0,Makes plans and follows through with them,257500.0,2.0,Gets nervous easily,264534.0,1.0,"Likes to reflect, play with ideas",277442.0,4.0,Has few artistic interests,281672.0,5.0,Likes to cooperate with others,284917.0,2.0,Is easily distracted,290524.0,3.0,"Is sophisticated in art, music, or literature",307514.0,2.5,3.1,2.9,4.8,3.8,91,5
a94a2163-32a3-4b26-bbf1-5a583d55b769,ZR7mbaOwQD0xXdEjex4L,2026-02-14T14:38:32.275Z,original-gpi,33,Male,Working Professional,PG (Completed),,,,Regular,Very Familiar,,5.11,3.80,2.86,Sattva,,,4.0,Is talkative,,8025.0,,,4.0,Tends to find fault with others,,10818.0,,,4.0,Does a thorough job,,13942.0,,,2.0,"Is depressed, blue",,31337.0,,,5.0,"Is original, comes up with new ideas",,27920.0,,,4.0,Is reserved,,34959.0,,,4.0,Is helpful and unselfish with others,,39039.0,,,4.0,Can be somewhat careless,,57372.0,,,4.0,"Is relaxed, handles stress well",,61253.0,,,5.0,Is curious about many different things,,64308.0,4.0,Is full of energy,66155.0,2.0,Starts quarrels with others,69939.0,4.0,Is a reliable worker,76475.0,4.0,Can be tense,82823.0,5.0,"Is ingenious, a deep thinker",89618.0,5.0,Generates a lot of enthusiasm,91090.0,4.0,Has a forgiving nature,93744.0,4.0,Tends to be disorganized,96519.0,2.0,Worries a lot,98861.0,4.0,Has an active imagination,101612.0,4.0,Tends to be quiet,105477.0,4.0,Is generally trusting,111421.0,4.0,Tends to be lazy,115723.0,2.0,"Is emotionally stable, not easily upset",126054.0,4.0,Is inventive,130898.0,5.0,Has an assertive personality,131579.0,4.0,Can be cold and aloof,135583.0,4.0,Perseveres until the task is finished,144289.0,5.0,Can be moody,147058.0,4.0,"Values artistic, aesthetic experiences",150389.0,4.0,"Is sometimes shy, inhibited",154043.0,2.0,Is considerate and kind to almost everyone,159213.0,4.0,Does things efficiently,163184.0,4.0,Remains calm in tense situations,167307.0,1.0,Prefers work that is routine,173741.0,4.0,"Is outgoing, sociable",177323.0,4.0,Is sometimes rude to others,180133.0,4.0,Makes plans and follows through with them,190169.0,2.0,Gets nervous easily,193885.0,4.0,"Likes to reflect, play with ideas",202845.0,4.0,Has few artistic interests,208519.0,4.0,Likes to cooperate with others,212081.0,4.0,Is easily distracted,215492.0,4.0,"Is sophisticated in art, music, or literature",218314.0,2.9,3.1,3.5,3.1,4.2,95,0
1dea1437-464d-40a7-a372-ee29a8051669,ZZSD3cz27MwedPNeoKj8,2026-02-13T07:13:59.770Z,original-gpi,23,Male,Working Professional,UG (Completed),,,,Regular,Very Familiar,,4.48,4.68,4.50,Rajas,4.0,I see myself as someone who is reserved.,,,6889.0,,2.0,I see myself as someone who is generally trusting.,,,12242.0,,4.0,I see myself as someone who tends to be lazy.,,,15550.0,,1.0,"I see myself as someone who is relaxed, handles stress well.",,,20047.0,,1.0,I see myself as someone who has few artistic interests.,,,29836.0,,1.0,"I see myself as someone who is outgoing, sociable.",,,34053.0,,4.0,I see myself as someone who tends to find fault with others.,,,37945.0,,1.0,I see myself as someone who does a thorough job.,,,43928.0,,4.0,I see myself as someone who gets nervous easily.,,,47070.0,,2.0,I see myself as someone who has an active imagination.,,,50457.0,,,,,,,,,,,,,,,,,,,,,,,,,,,,,,,,,,,,,,,,,,,,,,,,,,,,,,,,,,,,,,,,,,,,,,,,,,,,,,,,,,,,,,,,,,,,,,,,,,,,,,,,4.5,1.5,1.5,2.0,3.5,114,2
8c10280b-e8e3-4443-9f04-ae4fb61361f2,aSM0Z9iZzwCrbW5lJYaM,2026-02-13T05:13:55.599Z,original-gpi,19,Male,Student,UG (Pursuing),Bioinformatics ,1,8.9,Regular,Very Familiar,,4.96,3.84,2.68,Sattva,3.0,I see myself as someone who is reserved.,,,13222.0,,4.0,I see myself as someone who is generally trusting.,,,20040.0,,3.0,I see myself as someone who tends to be lazy.,,,24325.0,,3.0,"I see myself as someone who is relaxed, handles stress well.",,,30459.0,,1.0,I see myself as someone who has few artistic interests.,,,34996.0,,1.0,"I see myself as someone who is outgoing, sociable.",,,42174.0,,4.0,I see myself as someone who tends to find fault with others.,,,47174.0,,1.0,I see myself as someone who does a thorough job.,,,53635.0,,5.0,I see myself as someone who gets nervous easily.,,,58680.0,,5.0,I see myself as someone who has an active imagination.,,,62944.0,,,,,,,,,,,,,,,,,,,,,,,,,,,,,,,,,,,,,,,,,,,,,,,,,,,,,,,,,,,,,,,,,,,,,,,,,,,,,,,,,,,,,,,,,,,,,,,,,,,,,,,,4.0,2.0,2.0,3.0,5.0,97,0
bbfc725a-c191-4a27-bed8-7b08948ca240,bxe3aHDkpDFrY0VxTCPd,2026-02-15T03:49:59.560Z,original-gpi,19,Male,Student,UG (Pursuing),Civil Engineering ,1,8.7,Regular,Somewhat,,5.19,3.56,3.50,Sattva,,,4.0,Is talkative,,10994.0,,,1.0,Tends to find fault with others,,14230.0,,,3.0,Does a thorough job,,20386.0,,,1.0,"Is depressed, blue",,22915.0,,,4.0,"Is original, comes up with new ideas",,27497.0,,,3.0,Is reserved,,30106.0,,,5.0,Is helpful and unselfish with others,,34547.0,,,1.0,Can be somewhat careless,,45379.0,,,5.0,"Is relaxed, handles stress well",,44627.0,,,2.0,Is curious about many different things,,50701.0,4.0,Is full of energy,53767.0,1.0,Starts quarrels with others,55832.0,3.0,Is a reliable worker,58714.0,2.0,Can be tense,61644.0,4.0,"Is ingenious, a deep thinker",65323.0,4.0,Generates a lot of enthusiasm,68192.0,5.0,Has a forgiving nature,70029.0,2.0,Tends to be disorganized,90074.0,1.0,Worries a lot,87824.0,4.0,Has an active imagination,98754.0,4.0,Tends to be quiet,97495.0,2.0,Is generally trusting,101542.0,1.0,Tends to be lazy,103498.0,4.0,"Is emotionally stable, not easily upset",108033.0,4.0,Is inventive,110734.0,3.0,Has an assertive personality,113566.0,3.0,Can be cold and aloof,115899.0,4.0,Perseveres until the task is finished,121906.0,3.0,Can be moody,123488.0,4.0,"Values artistic, aesthetic experiences",127313.0,2.0,"Is sometimes shy, inhibited",129319.0,5.0,Is considerate and kind to almost everyone,134593.0,5.0,Does things efficiently,140142.0,5.0,Remains calm in tense situations,142656.0,4.0,Prefers work that is routine,147310.0,4.0,"Is outgoing, sociable",151272.0,4.0,Is sometimes rude to others,155041.0,4.0,Makes plans and follows through with them,160276.0,1.0,Gets nervous easily,163195.0,4.0,"Likes to reflect, play with ideas",173788.0,3.0,Has few artistic interests,179414.0,4.0,Likes to cooperate with others,181693.0,2.0,Is easily distracted,183409.0,4.0,"Is sophisticated in art, music, or literature",186274.0,1.5,4.1,3.5,4.0,3.5,95,0
4ed7d0a9-f16c-4952-a9fc-c778196996e8,c1AgNKxPQpRXZzNb3qdM,2026-02-14T09:26:45.406Z,original-gpi,18,Male,Student,UG (Pursuing),B.com ,2,8.8,Regular,Somewhat,,5.44,3.20,1.82,Sattva,,,3.0,Is talkative,,19025.0,,,1.0,Tends to find fault with others,,28091.0,,,4.0,Does a thorough job,,37951.0,,,1.0,"Is depressed, blue",,40801.0,,,5.0,"Is original, comes up with new ideas",,46662.0,,,5.0,Is reserved,,52709.0,,,4.0,Is helpful and unselfish with others,,58375.0,,,2.0,Can be somewhat careless,,66111.0,,,4.0,"Is relaxed, handles stress well",,79687.0,,,4.0,Is curious about many different things,,84549.0,4.0,Is full of energy,86538.0,4.0,Starts quarrels with others,88918.0,5.0,Is a reliable worker,92228.0,4.0,Can be tense,95599.0,3.0,"Is ingenious, a deep thinker",103382.0,5.0,Generates a lot of enthusiasm,108022.0,5.0,Has a forgiving nature,110932.0,2.0,Tends to be disorganized,116877.0,2.0,Worries a lot,120829.0,1.0,Has an active imagination,126496.0,5.0,Tends to be quiet,130294.0,3.0,Is generally trusting,133362.0,3.0,Tends to be lazy,136469.0,4.0,"Is emotionally stable, not easily upset",146128.0,2.0,Is inventive,152388.0,2.0,Has an assertive personality,157874.0,4.0,Can be cold and aloof,167830.0,4.0,Perseveres until the task is finished,284879.0,2.0,Can be moody,179019.0,5.0,"Values artistic, aesthetic experiences",183456.0,4.0,"Is sometimes shy, inhibited",189915.0,4.0,Is considerate and kind to almost everyone,197157.0,3.0,Does things efficiently,203574.0,5.0,Remains calm in tense situations,207337.0,4.0,Prefers work that is routine,213014.0,3.0,"Is outgoing, sociable",216638.0,2.0,Is sometimes rude to others,221606.0,3.0,Makes plans and follows through with them,226833.0,4.0,Gets nervous easily,230972.0,5.0,"Likes to reflect, play with ideas",235982.0,5.0,Has few artistic interests,240199.0,4.0,Likes to cooperate with others,248817.0,3.0,Is easily distracted,257366.0,5.0,"Is sophisticated in art, music, or literature",263131.0,2.3,3.7,2.6,3.7,3.3,122,3
f00a6222-8d4f-4242-9360-d791fb978bb8,dE80OIxUqSZigCcuHPH0,2026-02-14T19:38:32.382Z,original-gpi,20,Male,Student,UG (Pursuing),Mechanical Engineering,3,8.4,Occasional,Somewhat,,7.00,2.08,1.00,Sattva,,,1.0,Is talkative,,3367.0,,,1.0,Tends to find fault with others,,4704.0,,,5.0,Does a thorough job,,6967.0,,,1.0,"Is depressed, blue",,9560.0,,,5.0,"Is original, comes up with new ideas",,12271.0,,,5.0,Is reserved,,13382.0,,,5.0,Is helpful and unselfish with others,,14702.0,,,1.0,Can be somewhat careless,,16796.0,,,5.0,"Is relaxed, handles stress well",,21213.0,,,5.0,Is curious about many different things,,22168.0,5.0,Is full of energy,22967.0,1.0,Starts quarrels with others,24242.0,5.0,Is a reliable worker,26813.0,5.0,Can be tense,29992.0,5.0,"Is ingenious, a deep thinker",31290.0,5.0,Generates a lot of enthusiasm,33786.0,5.0,Has a forgiving nature,34606.0,1.0,Tends to be disorganized,40783.0,1.0,Worries a lot,39837.0,5.0,Has an active imagination,42931.0,5.0,Tends to be quiet,43856.0,5.0,Is generally trusting,45006.0,1.0,Tends to be lazy,48317.0,5.0,"Is emotionally stable, not easily upset",49823.0,5.0,Is inventive,53667.0,1.0,Has an assertive personality,60853.0,1.0,Can be cold and aloof,62184.0,5.0,Perseveres until the task is finished,65164.0,1.0,Can be moody,67935.0,5.0,"Values artistic, aesthetic experiences",69285.0,5.0,"Is sometimes shy, inhibited",71515.0,5.0,Is considerate and kind to almost everyone,72787.0,5.0,Does things efficiently,73922.0,5.0,Remains calm in tense situations,74881.0,3.0,Prefers work that is routine,80453.0,5.0,"Is outgoing, sociable",82994.0,1.0,Is sometimes rude to others,86244.0,5.0,Makes plans and follows through with them,89716.0,1.0,Gets nervous easily,91544.0,5.0,"Likes to reflect, play with ideas",94559.0,5.0,Has few artistic interests,96993.0,5.0,Likes to cooperate with others,99335.0,1.0,Is easily distracted,100583.0,5.0,"Is sophisticated in art, music, or literature",102175.0,1.5,5.0,2.5,5.0,4.4,80,0
06d03cf3-b8da-4ac7-9286-34aeabec360a,dZDBRnGTWkTVwt7zJQIR,2026-02-15T07:01:38.802Z,original-gpi,19,Male,Student,UG (Pursuing),Aerospace Engineering ,1,8.6,Regular,Heard of it,,4.48,4.08,2.61,Sattva,,,1.0,Is talkative,,5761.0,,,1.0,Tends to find fault with others,,8477.0,,,4.0,Does a thorough job,,12808.0,,,3.0,"Is depressed, blue",,17501.0,,,3.0,"Is original, comes up with new ideas",,21289.0,,,2.0,Is reserved,,28877.0,,,4.0,Is helpful and unselfish with others,,35164.0,,,4.0,Can be somewhat careless,,44081.0,,,3.0,"Is relaxed, handles stress well",,48791.0,,,5.0,Is curious about many different things,,51535.0,5.0,Is full of energy,55239.0,1.0,Starts quarrels with others,55729.0,4.0,Is a reliable worker,59867.0,5.0,Can be tense,63300.0,5.0,"Is ingenious, a deep thinker",66002.0,3.0,Generates a lot of enthusiasm,69442.0,5.0,Has a forgiving nature,71493.0,2.0,Tends to be disorganized,74067.0,4.0,Worries a lot,79287.0,5.0,Has an active imagination,80450.0,5.0,Tends to be quiet,81712.0,5.0,Is generally trusting,83641.0,2.0,Tends to be lazy,87846.0,4.0,"Is emotionally stable, not easily upset",98380.0,3.0,Is inventive,100906.0,1.0,Has an assertive personality,103068.0,5.0,Can be cold and aloof,105841.0,4.0,Perseveres until the task is finished,112657.0,2.0,Can be moody,120699.0,5.0,"Values artistic, aesthetic experiences",127403.0,5.0,"Is sometimes shy, inhibited",129690.0,5.0,Is considerate and kind to almost everyone,140207.0,3.0,Does things efficiently,146480.0,4.0,Remains calm in tense situations,149389.0,4.0,Prefers work that is routine,156153.0,1.0,"Is outgoing, sociable",164587.0,3.0,Is sometimes rude to others,171041.0,4.0,Makes plans and follows through with them,174706.0,5.0,Gets nervous easily,177889.0,5.0,"Likes to reflect, play with ideas",178445.0,4.0,Has few artistic interests,183164.0,3.0,Likes to cooperate with others,186805.0,2.0,Is easily distracted,190725.0,3.0,"Is sophisticated in art, music, or literature",199766.0,3.3,3.7,2.1,4.0,3.8,106,0
91ad72ad-1333-4c3f-9fdb-58ea0f6ed95e,dek2ki25weMxd5kItdzq,2026-02-14T13:28:25.433Z,original-gpi,23,Male,Working Professional,UG (Completed),,,,Regular,Very Familiar,,5.11,5.00,4.39,Sattva,,,3.0,Is talkative,,7142.0,,,5.0,Tends to find fault with others,,10486.0,,,3.0,Does a thorough job,,15236.0,,,4.0,"Is depressed, blue",,17821.0,,,4.0,"Is original, comes up with new ideas",,20162.0,,,4.0,Is reserved,,23187.0,,,2.0,Is helpful and unselfish with others,,27400.0,,,4.0,Can be somewhat careless,,29267.0,,,2.0,"Is relaxed, handles stress well",,34999.0,,,4.0,Is curious about many different things,,43001.0,4.0,Is full of energy,46009.0,4.0,Starts quarrels with others,47764.0,1.0,Is a reliable worker,50885.0,4.0,Can be tense,53127.0,3.0,"Is ingenious, a deep thinker",58193.0,2.0,Generates a lot of enthusiasm,61767.0,2.0,Has a forgiving nature,64378.0,4.0,Tends to be disorganized,71983.0,4.0,Worries a lot,73858.0,5.0,Has an active imagination,75970.0,4.0,Tends to be quiet,78328.0,3.0,Is generally trusting,80345.0,4.0,Tends to be lazy,82446.0,2.0,"Is emotionally stable, not easily upset",84561.0,3.0,Is inventive,86481.0,3.0,Has an assertive personality,87970.0,4.0,Can be cold and aloof,90854.0,3.0,Perseveres until the task is finished,96937.0,4.0,Can be moody,98039.0,3.0,"Values artistic, aesthetic experiences",100771.0,4.0,"Is sometimes shy, inhibited",102135.0,4.0,Is considerate and kind to almost everyone,105202.0,4.0,Does things efficiently,106987.0,3.0,Remains calm in tense situations,109417.0,4.0,Prefers work that is routine,112478.0,4.0,"Is outgoing, sociable",116888.0,4.0,Is sometimes rude to others,119395.0,4.0,Makes plans and follows through with them,123368.0,4.0,Gets nervous easily,125573.0,4.0,"Likes to reflect, play with ideas",127413.0,4.0,Has few artistic interests,131483.0,4.0,Likes to cooperate with others,133173.0,4.0,Is easily distracted,135616.0,4.0,"Is sophisticated in art, music, or literature",138819.0,3.9,2.6,2.8,2.4,3.4,114,0
ff0172bd-60b9-40c6-9fd1-a90297fa7d70,djbLXARZpNiCAk0vQVkZ,2026-02-14T12:30:59.958Z,original-gpi,65,Male,Retired,High School,,,,Regular,Somewhat,,5.04,2.00,2.32,Sattva,,,1.0,Is talkative,,78416.0,,,1.0,Tends to find fault with others,,88643.0,,,2.0,Does a thorough job,,235601.0,,,4.0,"Is depressed, blue",,250227.0,,,5.0,"Is original, comes up with new ideas",,280643.0,,,5.0,Is reserved,,330708.0,,,5.0,Is helpful and unselfish with others,,344298.0,,,1.0,Can be somewhat careless,,359381.0,,,5.0,"Is relaxed, handles stress well",,373437.0,,,1.0,Is curious about many different things,,390655.0,5.0,Is full of energy,397005.0,1.0,Starts quarrels with others,403641.0,5.0,Is a reliable worker,414404.0,1.0,Can be tense,421392.0,5.0,"Is ingenious, a deep thinker",440792.0,5.0,Generates a lot of enthusiasm,451710.0,5.0,Has a forgiving nature,462201.0,1.0,Tends to be disorganized,471144.0,4.0,Worries a lot,480295.0,5.0,Has an active imagination,495530.0,5.0,Tends to be quiet,501577.0,5.0,Is generally trusting,506946.0,4.0,Tends to be lazy,513483.0,5.0,"Is emotionally stable, not easily upset",548097.0,5.0,Is inventive,561873.0,5.0,Has an assertive personality,566432.0,1.0,Can be cold and aloof,575624.0,5.0,Perseveres until the task is finished,593294.0,1.0,Can be moody,604953.0,4.0,"Values artistic, aesthetic experiences",619019.0,5.0,"Is sometimes shy, inhibited",631978.0,5.0,Is considerate and kind to almost everyone,653480.0,5.0,Does things efficiently,664568.0,5.0,Remains calm in tense situations,668636.0,5.0,Prefers work that is routine,674865.0,2.0,"Is outgoing, sociable",696093.0,1.0,Is sometimes rude to others,707333.0,5.0,Makes plans and follows through with them,729682.0,4.0,Gets nervous easily,743206.0,4.0,"Likes to reflect, play with ideas",765074.0,5.0,Has few artistic interests,772153.0,5.0,Likes to cooperate with others,777577.0,4.0,Is easily distracted,783595.0,4.0,"Is sophisticated in art, music, or literature",797231.0,2.1,4.0,2.6,5.0,3.5,89,5
f9a1a919-5858-41ce-bf96-1b07747c1064,drGlS6m7uRLmUcoe6GzH,2026-02-14T11:44:39.589Z,original-gpi,21,Male,Student,UG (Pursuing),Computer science ,2,6.5,Regular,Very Familiar,,6.96,7.00,6.82,Rajas,,,5.0,,,,,,5.0,,,,,,5.0,,,,,,5.0,,,,,,5.0,,,,,,5.0,,,,,,5.0,,,,,,5.0,,,,,,5.0,,,,,,5.0,,,,5.0,,,5.0,,,5.0,,,5.0,,,5.0,,,5.0,,,5.0,,,5.0,,,5.0,,,5.0,,,5.0,,,5.0,,,5.0,,,5.0,,,5.0,,,5.0,,,5.0,,,5.0,,,5.0,,,5.0,,,5.0,,,5.0,,,5.0,,,5.0,,,5.0,,,5.0,,,5.0,,,5.0,,,5.0,,,5.0,,,5.0,,,5.0,,,5.0,,,5.0,,,3.5,3.2,3.5,3.2,4.2,0,0
cc20648a-b9bf-4d01-8bc9-422f25407d92,dvXqgCzFbIrmHnBFPPcU,2026-02-13T08:56:22.185Z,original-gpi,21,Male,Homemaker,UG (Pursuing),,,,Rarely,Somewhat,,3.56,3.16,4.00,Tamas,,,4.0,Is talkative,,45873.0,,,4.0,Tends to find fault with others,,45371.0,,,3.0,Does a thorough job,,44388.0,,,3.0,"Is depressed, blue",,43786.0,,,4.0,"Is original, comes up with new ideas",,42999.0,,,3.0,Is reserved,,41755.0,,,4.0,Is helpful and unselfish with others,,40585.0,,,4.0,Can be somewhat careless,,39520.0,,,3.0,"Is relaxed, handles stress well",,38352.0,,,4.0,Is curious about many different things,,37608.0,3.0,Is full of energy,36550.0,4.0,Starts quarrels with others,35830.0,3.0,Is a reliable worker,33787.0,4.0,Can be tense,33018.0,3.0,"Is ingenious, a deep thinker",31921.0,4.0,Generates a lot of enthusiasm,31324.0,3.0,Has a forgiving nature,30159.0,4.0,Tends to be disorganized,29155.0,4.0,Worries a lot,28179.0,3.0,Has an active imagination,27348.0,3.0,Tends to be quiet,26845.0,2.0,Is generally trusting,25700.0,4.0,Tends to be lazy,24714.0,4.0,"Is emotionally stable, not easily upset",23628.0,1.0,Is inventive,22735.0,2.0,Has an assertive personality,21475.0,3.0,Can be cold and aloof,20665.0,4.0,Perseveres until the task is finished,19720.0,3.0,Can be moody,18145.0,2.0,"Values artistic, aesthetic experiences",16389.0,3.0,"Is sometimes shy, inhibited",15616.0,4.0,Is considerate and kind to almost everyone,14109.0,3.0,Does things efficiently,13727.0,3.0,Remains calm in tense situations,12332.0,3.0,Prefers work that is routine,11987.0,3.0,"Is outgoing, sociable",11446.0,3.0,Is sometimes rude to others,11065.0,4.0,Makes plans and follows through with them,9706.0,4.0,Gets nervous easily,8545.0,3.0,"Likes to reflect, play with ideas",7525.0,3.0,Has few artistic interests,7998.0,3.0,Likes to cooperate with others,6154.0,2.0,Is easily distracted,5507.0,2.0,"Is sophisticated in art, music, or literature",4727.0,0.0,0.0,0.0,0.0,0.0,78,0
8c88f512-f7fc-4aad-9a82-fc0bc529b879,dyyA2RQVWhXghOaoK5fc,2026-02-14T10:31:52.215Z,original-gpi,15,Female,Student,High School,Pcb,,80,Regular,Very Familiar,,5.07,2.92,2.79,Sattva,,,5.0,Is talkative,,19843.0,,,3.0,Tends to find fault with others,,32462.0,,,3.0,Does a thorough job,,39875.0,,,3.0,"Is depressed, blue",,44423.0,,,4.0,"Is original, comes up with new ideas",,50197.0,,,4.0,Is reserved,,54380.0,,,5.0,Is helpful and unselfish with others,,59657.0,,,4.0,Can be somewhat careless,,63739.0,,,4.0,"Is relaxed, handles stress well",,68457.0,,,5.0,Is curious about many different things,,72489.0,4.0,Is full of energy,75475.0,3.0,Starts quarrels with others,79969.0,2.0,Is a reliable worker,85295.0,2.0,Can be tense,90953.0,3.0,"Is ingenious, a deep thinker",95183.0,3.0,Generates a lot of enthusiasm,99265.0,5.0,Has a forgiving nature,102013.0,3.0,Tends to be disorganized,106131.0,4.0,Worries a lot,109130.0,3.0,Has an active imagination,113770.0,3.0,Tends to be quiet,120241.0,4.0,Is generally trusting,123941.0,3.0,Tends to be lazy,126008.0,3.0,"Is emotionally stable, not easily upset",130342.0,3.0,Is inventive,135055.0,3.0,Has an assertive personality,139007.0,2.0,Can be cold and aloof,144436.0,4.0,Perseveres until the task is finished,150084.0,2.0,Can be moody,153200.0,5.0,"Values artistic, aesthetic experiences",166464.0,4.0,"Is sometimes shy, inhibited",168758.0,5.0,Is considerate and kind to almost everyone,173625.0,3.0,Does things efficiently,176962.0,2.0,Remains calm in tense situations,180791.0,3.0,Prefers work that is routine,184428.0,2.0,"Is outgoing, sociable",189873.0,3.0,Is sometimes rude to others,193931.0,2.0,Makes plans and follows through with them,199468.0,4.0,Gets nervous easily,204684.0,3.0,"Likes to reflect, play with ideas",209061.0,5.0,Has few artistic interests,211795.0,5.0,Likes to cooperate with others,215113.0,4.0,Is easily distracted,219293.0,5.0,"Is sophisticated in art, music, or literature",223491.0,3.0,2.7,3.0,4.1,3.5,84,0
af4ecc85-1981-4d66-8d99-1f4746232345,e5LAN6lvf3jNmgUgAOz2,2026-02-14T13:36:20.289Z,original-gpi,21,Female,Student,PG (Pursuing),Electrical Engineering ,PG,9,Regular,Very Familiar,,5.59,2.84,1.86,Sattva,,,1.0,Is talkative,,12515.0,,,2.0,Tends to find fault with others,,15850.0,,,3.0,Does a thorough job,,19309.0,,,2.0,"Is depressed, blue",,21903.0,,,3.0,"Is original, comes up with new ideas",,31360.0,,,4.0,Is reserved,,32950.0,,,4.0,Is helpful and unselfish with others,,35971.0,,,4.0,Can be somewhat careless,,39536.0,,,2.0,"Is relaxed, handles stress well",,43506.0,,,5.0,Is curious about many different things,,48296.0,4.0,Is full of energy,51520.0,1.0,Starts quarrels with others,57617.0,4.0,Is a reliable worker,59818.0,2.0,Can be tense,62640.0,3.0,"Is ingenious, a deep thinker",66971.0,2.0,Generates a lot of enthusiasm,71379.0,5.0,Has a forgiving nature,73889.0,3.0,Tends to be disorganized,78467.0,1.0,Worries a lot,80619.0,5.0,Has an active imagination,86854.0,5.0,Tends to be quiet,88751.0,5.0,Is generally trusting,91481.0,2.0,Tends to be lazy,93288.0,4.0,"Is emotionally stable, not easily upset",98301.0,3.0,Is inventive,101211.0,4.0,Has an assertive personality,104443.0,4.0,Can be cold and aloof,107405.0,4.0,Perseveres until the task is finished,110543.0,2.0,Can be moody,113605.0,5.0,"Values artistic, aesthetic experiences",119221.0,4.0,"Is sometimes shy, inhibited",123807.0,5.0,Is considerate and kind to almost everyone,128310.0,4.0,Does things efficiently,131095.0,3.0,Remains calm in tense situations,136060.0,4.0,Prefers work that is routine,144245.0,1.0,"Is outgoing, sociable",148188.0,2.0,Is sometimes rude to others,155773.0,3.0,Makes plans and follows through with them,160451.0,2.0,Gets nervous easily,163639.0,4.0,"Likes to reflect, play with ideas",167408.0,5.0,Has few artistic interests,170970.0,5.0,Likes to cooperate with others,173339.0,4.0,Is easily distracted,175900.0,4.0,"Is sophisticated in art, music, or literature",178537.0,2.3,3.2,2.1,4.3,3.5,110,0
b3649028-64f0-48ee-9cfd-9090594bd961,exZnpg5f2yDwTIbnRjfe,2026-02-15T06:44:38.927Z,original-gpi,19,Female,Student,UG (Pursuing),Mechanical ,2,9.1,Rarely,Somewhat,,5.74,3.72,2.36,Sattva,,,2.0,Is talkative,,10975.0,,,2.0,Tends to find fault with others,,14543.0,,,4.0,Does a thorough job,,19588.0,,,2.0,"Is depressed, blue",,25638.0,,,3.0,"Is original, comes up with new ideas",,27865.0,,,5.0,Is reserved,,30691.0,,,1.0,Is helpful and unselfish with others,,33828.0,,,4.0,Can be somewhat careless,,36749.0,,,5.0,"Is relaxed, handles stress well",,40289.0,,,4.0,Is curious about many different things,,44858.0,4.0,Is full of energy,46604.0,1.0,Starts quarrels with others,48200.0,5.0,Is a reliable worker,49792.0,3.0,Can be tense,53067.0,4.0,"Is ingenious, a deep thinker",57844.0,4.0,Generates a lot of enthusiasm,61347.0,5.0,Has a forgiving nature,61913.0,3.0,Tends to be disorganized,63853.0,4.0,Worries a lot,65695.0,4.0,Has an active imagination,69163.0,5.0,Tends to be quiet,72712.0,5.0,Is generally trusting,74075.0,4.0,Tends to be lazy,78473.0,4.0,"Is emotionally stable, not easily upset",82883.0,3.0,Is inventive,85509.0,3.0,Has an assertive personality,87808.0,2.0,Can be cold and aloof,89401.0,4.0,Perseveres until the task is finished,97003.0,4.0,Can be moody,98446.0,3.0,"Values artistic, aesthetic experiences",102964.0,4.0,"Is sometimes shy, inhibited",105179.0,5.0,Is considerate and kind to almost everyone,107813.0,4.0,Does things efficiently,109374.0,5.0,Remains calm in tense situations,110903.0,5.0,Prefers work that is routine,113673.0,3.0,"Is outgoing, sociable",115481.0,1.0,Is sometimes rude to others,117899.0,5.0,Makes plans and follows through with them,122308.0,4.0,Gets nervous easily,125859.0,4.0,"Likes to reflect, play with ideas",129070.0,4.0,Has few artistic interests,131660.0,5.0,Likes to cooperate with others,134610.0,3.0,Is easily distracted,136154.0,3.0,"Is sophisticated in art, music, or literature",141378.0,2.6,3.6,2.5,4.3,3.1,90,0
cda25ff1-4dbe-4239-bcaf-49f393027d71,fxZ4taPYk8RCUzcTKwVc,2026-02-14T13:49:43.113Z,original-gpi,23,Male,Working Professional,UG (Completed),,,,Regular,Very Familiar,,5.63,4.00,2.50,Sattva,,,4.0,Is talkative,,9807.0,,,2.0,Tends to find fault with others,,12756.0,,,5.0,Does a thorough job,,18885.0,,,2.0,"Is depressed, blue",,23286.0,,,3.0,"Is original, comes up with new ideas",,31057.0,,,2.0,Is reserved,,34738.0,,,4.0,Is helpful and unselfish with others,,38020.0,,,1.0,Can be somewhat careless,,41864.0,,,3.0,"Is relaxed, handles stress well",,45744.0,,,4.0,Is curious about many different things,,50140.0,3.0,Is full of energy,52267.0,1.0,Starts quarrels with others,56245.0,5.0,Is a reliable worker,59660.0,4.0,Can be tense,63258.0,4.0,"Is ingenious, a deep thinker",66935.0,3.0,Generates a lot of enthusiasm,69352.0,5.0,Has a forgiving nature,71651.0,2.0,Tends to be disorganized,75871.0,5.0,Worries a lot,81516.0,4.0,Has an active imagination,85646.0,4.0,Tends to be quiet,89143.0,4.0,Is generally trusting,91900.0,2.0,Tends to be lazy,93666.0,2.0,"Is emotionally stable, not easily upset",98719.0,3.0,Is inventive,102216.0,3.0,Has an assertive personality,104548.0,3.0,Can be cold and aloof,107363.0,4.0,Perseveres until the task is finished,111409.0,4.0,Can be moody,113525.0,4.0,"Values artistic, aesthetic experiences",115968.0,4.0,"Is sometimes shy, inhibited",118167.0,5.0,Is considerate and kind to almost everyone,124046.0,4.0,Does things efficiently,127381.0,3.0,Remains calm in tense situations,130087.0,4.0,Prefers work that is routine,133088.0,2.0,"Is outgoing, sociable",136186.0,3.0,Is sometimes rude to others,138903.0,4.0,Makes plans and follows through with them,141996.0,4.0,Gets nervous easily,146783.0,3.0,"Likes to reflect, play with ideas",151560.0,2.0,Has few artistic interests,156540.0,4.0,Likes to cooperate with others,159769.0,3.0,Is easily distracted,162019.0,3.0,"Is sophisticated in art, music, or literature",164898.0,3.6,4.2,2.9,4.1,3.4,96,7
8209191e-8bf3-4dde-a963-85b539b9d01a,fzcJKduPdkBpU1dOjJMh,2026-02-14T09:22:03.398Z,original-gpi,39,Male,Working Professional,PG (Pursuing),,,,Occasional,Very Familiar,,4.33,3.96,4.46,Tamas,,,1.0,Is talkative,,24594.0,,,5.0,Tends to find fault with others,,31452.0,,,5.0,Does a thorough job,,37789.0,,,5.0,"Is depressed, blue",,54410.0,,,1.0,"Is original, comes up with new ideas",,102210.0,,,5.0,Is reserved,,107982.0,,,4.0,Is helpful and unselfish with others,,116600.0,,,5.0,Can be somewhat careless,,119589.0,,,2.0,"Is relaxed, handles stress well",,133468.0,,,5.0,Is curious about many different things,,149797.0,4.0,Is full of energy,152928.0,1.0,Starts quarrels with others,164834.0,2.0,Is a reliable worker,169505.0,5.0,Can be tense,176067.0,5.0,"Is ingenious, a deep thinker",179397.0,5.0,Generates a lot of enthusiasm,188657.0,5.0,Has a forgiving nature,210375.0,5.0,Tends to be disorganized,201554.0,5.0,Worries a lot,217736.0,4.0,Has an active imagination,228369.0,5.0,Tends to be quiet,251333.0,5.0,Is generally trusting,253031.0,5.0,Tends to be lazy,256246.0,5.0,"Is emotionally stable, not easily upset",269624.0,1.0,Is inventive,273221.0,2.0,Has an assertive personality,280393.0,5.0,Can be cold and aloof,309193.0,5.0,Perseveres until the task is finished,314205.0,5.0,Can be moody,317822.0,1.0,"Values artistic, aesthetic experiences",331156.0,5.0,"Is sometimes shy, inhibited",337992.0,5.0,Is considerate and kind to almost everyone,342812.0,1.0,Does things efficiently,351557.0,5.0,Remains calm in tense situations,355525.0,5.0,Prefers work that is routine,376105.0,1.0,"Is outgoing, sociable",378891.0,5.0,Is sometimes rude to others,383463.0,2.0,Makes plans and follows through with them,395155.0,5.0,Gets nervous easily,409679.0,1.0,"Likes to reflect, play with ideas",418289.0,2.0,Has few artistic interests,426304.0,5.0,Likes to cooperate with others,430301.0,3.0,Is easily distracted,447677.0,1.0,"Is sophisticated in art, music, or literature",460439.0,3.9,2.3,2.0,3.6,2.4,98,5
c9a2fb76-ce19-4d8b-bf26-62d4c300643c,gNV8FZIAa8xapufK8bYT,2026-02-14T18:06:14.725Z,original-gpi,18,Male,Student,High School,Aerospace Engineering,1,5.8,Occasional,Somewhat,,5.11,3.84,2.57,Sattva,,,1.0,Is talkative,,25485.0,,,2.0,Tends to find fault with others,,31711.0,,,4.0,Does a thorough job,,44697.0,,,1.0,"Is depressed, blue",,51920.0,,,3.0,"Is original, comes up with new ideas",,60174.0,,,4.0,Is reserved,,65239.0,,,4.0,Is helpful and unselfish with others,,72911.0,,,4.0,Can be somewhat careless,,79840.0,,,5.0,"Is relaxed, handles stress well",,86781.0,,,5.0,Is curious about many different things,,94351.0,4.0,Is full of energy,96934.0,1.0,Starts quarrels with others,101839.0,5.0,Is a reliable worker,106076.0,3.0,Can be tense,113298.0,4.0,"Is ingenious, a deep thinker",118537.0,4.0,Generates a lot of enthusiasm,122552.0,5.0,Has a forgiving nature,125984.0,4.0,Tends to be disorganized,136071.0,2.0,Worries a lot,140968.0,4.0,Has an active imagination,163928.0,5.0,Tends to be quiet,166602.0,5.0,Is generally trusting,170650.0,4.0,Tends to be lazy,174360.0,5.0,"Is emotionally stable, not easily upset",179891.0,4.0,Is inventive,184279.0,2.0,Has an assertive personality,191270.0,1.0,Can be cold and aloof,198575.0,4.0,Perseveres until the task is finished,210635.0,2.0,Can be moody,214842.0,4.0,"Values artistic, aesthetic experiences",220076.0,4.0,"Is sometimes shy, inhibited",222624.0,4.0,Is considerate and kind to almost everyone,237600.0,4.0,Does things efficiently,247190.0,5.0,Remains calm in tense situations,251632.0,4.0,Prefers work that is routine,260236.0,5.0,"Is outgoing, sociable",265452.0,3.0,Is sometimes rude to others,269569.0,5.0,Makes plans and follows through with them,278480.0,3.0,Gets nervous easily,283426.0,4.0,"Likes to reflect, play with ideas",288761.0,4.0,Has few artistic interests,318831.0,5.0,Likes to cooperate with others,325761.0,4.0,Is easily distracted,331988.0,2.0,"Is sophisticated in art, music, or literature",339037.0,1.8,3.3,2.6,4.4,3.4,103,9
454cc78e-81ea-400c-b420-04bf49b9dcf7,hbJxr9kFAO8j31rZwJIU,2026-02-14T13:19:19.534Z,original-gpi,31,Male,Working Professional,PG (Completed),,,,Occasional,Very Familiar,,4.33,4.52,2.71,Rajas,,,2.0,Is talkative,,9725.0,,,2.0,Tends to find fault with others,,13828.0,,,5.0,Does a thorough job,,15343.0,,,1.0,"Is depressed, blue",,17383.0,,,4.0,"Is original, comes up with new ideas",,19839.0,,,4.0,Is reserved,,24632.0,,,5.0,Is helpful and unselfish with others,,29559.0,,,3.0,Can be somewhat careless,,32298.0,,,2.0,"Is relaxed, handles stress well",,36812.0,,,4.0,Is curious about many different things,,40401.0,4.0,Is full of energy,41740.0,1.0,Starts quarrels with others,43362.0,5.0,Is a reliable worker,44751.0,4.0,Can be tense,47365.0,5.0,"Is ingenious, a deep thinker",50203.0,4.0,Generates a lot of enthusiasm,52999.0,5.0,Has a forgiving nature,54123.0,1.0,Tends to be disorganized,55372.0,4.0,Worries a lot,57735.0,5.0,Has an active imagination,59000.0,5.0,Tends to be quiet,60983.0,5.0,Is generally trusting,62229.0,3.0,Tends to be lazy,64585.0,3.0,"Is emotionally stable, not easily upset",69289.0,3.0,Is inventive,71247.0,4.0,Has an assertive personality,73250.0,1.0,Can be cold and aloof,74607.0,5.0,Perseveres until the task is finished,76815.0,5.0,Can be moody,79560.0,5.0,"Values artistic, aesthetic experiences",81317.0,5.0,"Is sometimes shy, inhibited",84126.0,4.0,Is considerate and kind to almost everyone,88592.0,5.0,Does things efficiently,90356.0,2.0,Remains calm in tense situations,95620.0,2.0,Prefers work that is routine,100861.0,3.0,"Is outgoing, sociable",104350.0,2.0,Is sometimes rude to others,106162.0,5.0,Makes plans and follows through with them,108250.0,3.0,Gets nervous easily,116430.0,5.0,"Likes to reflect, play with ideas",118224.0,5.0,Has few artistic interests,123406.0,5.0,Likes to cooperate with others,125342.0,3.0,Is easily distracted,126956.0,5.0,"Is sophisticated in art, music, or literature",128584.0,3.5,4.3,2.6,4.7,4.1,91,2
af3d4915-e7fa-4540-8a50-3a58edd55097,iXn7T4BbfLqFcEsjVJfp,2026-02-14T17:31:17.522Z,original-gpi,38,Male,Working Professional,PG (Completed),,,,Rarely,Heard of it,,4.67,3.76,1.82,Sattva,,,3.0,Is talkative,,13532.0,,,1.0,Tends to find fault with others,,28868.0,,,5.0,Does a thorough job,,34107.0,,,1.0,"Is depressed, blue",,37510.0,,,5.0,"Is original, comes up with new ideas",,41479.0,,,5.0,Is reserved,,44529.0,,,5.0,Is helpful and unselfish with others,,49101.0,,,1.0,Can be somewhat careless,,53740.0,,,4.0,"Is relaxed, handles stress well",,58779.0,,,4.0,Is curious about many different things,,73223.0,4.0,Is full of energy,117163.0,1.0,Starts quarrels with others,120614.0,5.0,Is a reliable worker,123815.0,4.0,Can be tense,127100.0,5.0,"Is ingenious, a deep thinker",131251.0,4.0,Generates a lot of enthusiasm,137004.0,5.0,Has a forgiving nature,139723.0,2.0,Tends to be disorganized,145707.0,1.0,Worries a lot,152857.0,4.0,Has an active imagination,157727.0,2.0,Tends to be quiet,164934.0,5.0,Is generally trusting,167654.0,1.0,Tends to be lazy,169655.0,4.0,"Is emotionally stable, not easily upset",177412.0,3.0,Is inventive,183812.0,1.0,Has an assertive personality,191868.0,1.0,Can be cold and aloof,197755.0,4.0,Perseveres until the task is finished,205447.0,4.0,Can be moody,212663.0,5.0,"Values artistic, aesthetic experiences",217380.0,4.0,"Is sometimes shy, inhibited",222288.0,5.0,Is considerate and kind to almost everyone,224939.0,5.0,Does things efficiently,228577.0,5.0,Remains calm in tense situations,231546.0,5.0,Prefers work that is routine,234816.0,5.0,"Is outgoing, sociable",237700.0,1.0,Is sometimes rude to others,241271.0,5.0,Makes plans and follows through with them,244709.0,2.0,Gets nervous easily,248678.0,5.0,"Likes to reflect, play with ideas",254116.0,3.0,Has few artistic interests,259934.0,5.0,Likes to cooperate with others,262872.0,4.0,Is easily distracted,265873.0,2.0,"Is sophisticated in art, music, or literature",273672.0,2.1,4.4,3.0,5.0,3.7,89,2
8e7028e3-bddd-418d-80ef-a5d327b59e0c,ihdFD01ZtMDVl2GeCQjf,2026-02-15T07:01:46.723Z,original-gpi,30,Male,Working Professional,UG (Completed),,,,Occasional,Very Familiar,,4.22,3.72,4.14,Sattva,,,,,,,,,,,,,,,,,,,,,,,,,,,,,,,,,,,,,,,,,,,,,,,,,,,,,,,,,,,,,,,,,,,,,,,,,,,,,,,,,,,,,,,,,,,,,,,,,,,,,,,,,,,,,,,,2.0,Perseveres until the task is finished,26981.0,3.0,Can be moody,82730.0,4.0,"Values artistic, aesthetic experiences",93926.0,4.0,"Is sometimes shy, inhibited",101732.0,4.0,Is considerate and kind to almost everyone,109698.0,2.0,Does things efficiently,118520.0,3.0,Remains calm in tense situations,123744.0,4.0,Prefers work that is routine,140411.0,5.0,"Is outgoing, sociable",146563.0,3.0,Is sometimes rude to others,159659.0,3.0,Makes plans and follows through with them,168446.0,4.0,Gets nervous easily,181208.0,4.0,"Likes to reflect, play with ideas",187889.0,3.0,Has few artistic interests,198086.0,4.0,Likes to cooperate with others,203023.0,5.0,Is easily distracted,213571.0,4.0,"Is sophisticated in art, music, or literature",226603.0,3.4,1.9,3.1,3.9,3.8,0,0
cc20648a-b9bf-4d01-8bc9-422f25407d92,jSqCfd99zCwltAHnRKIC,2026-02-15T06:24:37.282Z,original-gpi,21,Male,Homemaker,UG (Pursuing),,,,Rarely,Somewhat,,3.56,3.16,4.07,Tamas,,,,,,,,,,,,,,,,,,,,,,,,,,,,,,,,,4.0,Is reserved,,1477.0,,,,,,,,,,,,,,,,,,,,,,,,,,,,,,,,,,,,,,,,,,,,,,,,,,,,,,,,,,,,,,,,,,,,,,,,,,,,,,,,,,,,,,,,,,,,,,,,,,,,,,,,,,,,,,,,,,,,,,,,,,,,,,,3.3,3.0,3.0,2.9,2.8,1,0
d2f2606d-7f87-4de2-9313-fd3d587066b7,kCknsnEmianmsnxp254r,2026-02-14T15:05:25.345Z,original-gpi,26,Female,Working Professional,PG (Completed),,,,Regular,Very Familiar,,5.85,3.16,2.71,Sattva,,,1.0,Is talkative,,8518.0,,,4.0,Tends to find fault with others,,11563.0,,,4.0,Does a thorough job,,14937.0,,,3.0,"Is depressed, blue",,22018.0,,,4.0,"Is original, comes up with new ideas",,23828.0,,,5.0,Is reserved,,25995.0,,,4.0,Is helpful and unselfish with others,,29209.0,,,1.0,Can be somewhat careless,,32931.0,,,4.0,"Is relaxed, handles stress well",,36425.0,,,5.0,Is curious about many different things,,39622.0,4.0,Is full of energy,42448.0,1.0,Starts quarrels with others,44416.0,5.0,Is a reliable worker,45975.0,3.0,Can be tense,48184.0,5.0,"Is ingenious, a deep thinker",49638.0,4.0,Generates a lot of enthusiasm,52375.0,2.0,Has a forgiving nature,56855.0,1.0,Tends to be disorganized,60208.0,3.0,Worries a lot,62200.0,2.0,Has an active imagination,65194.0,5.0,Tends to be quiet,68035.0,5.0,Is generally trusting,71649.0,4.0,Tends to be lazy,74418.0,4.0,"Is emotionally stable, not easily upset",78819.0,4.0,Is inventive,81272.0,2.0,Has an assertive personality,84195.0,4.0,Can be cold and aloof,89727.0,4.0,Perseveres until the task is finished,92286.0,4.0,Can be moody,94858.0,4.0,"Values artistic, aesthetic experiences",96733.0,4.0,"Is sometimes shy, inhibited",100658.0,4.0,Is considerate and kind to almost everyone,104111.0,4.0,Does things efficiently,105450.0,4.0,Remains calm in tense situations,106961.0,4.0,Prefers work that is routine,112844.0,1.0,"Is outgoing, sociable",116011.0,2.0,Is sometimes rude to others,118656.0,3.0,Makes plans and follows through with them,123118.0,3.0,Gets nervous easily,125156.0,4.0,"Likes to reflect, play with ideas",129486.0,5.0,Has few artistic interests,132513.0,4.0,Likes to cooperate with others,134689.0,3.0,Is easily distracted,136768.0,5.0,"Is sophisticated in art, music, or literature",141520.0,2.8,3.9,2.0,3.6,3.6,94,2
e6f63854-f8a9-4429-b8ba-2199952c6e30,kOJGwNsOO6ZlmU8u1Ok3,2026-02-14T14:16:38.557Z,original-gpi,20,Male,Student,UG (Pursuing),Electronics and communication ,3,9.5,Regular,Somewhat,,4.15,4.32,2.86,Rajas,,,1.0,Is talkative,,25703.0,,,1.0,Tends to find fault with others,,39273.0,,,3.0,Does a thorough job,,65537.0,,,2.0,"Is depressed, blue",,73320.0,,,2.0,"Is original, comes up with new ideas",,79035.0,,,5.0,Is reserved,,84255.0,,,4.0,Is helpful and unselfish with others,,91614.0,,,4.0,Can be somewhat careless,,95825.0,,,2.0,"Is relaxed, handles stress well",,103439.0,,,2.0,Is curious about many different things,,111226.0,2.0,Is full of energy,113382.0,1.0,Starts quarrels with others,115221.0,5.0,Is a reliable worker,126331.0,3.0,Can be tense,348500.0,4.0,"Is ingenious, a deep thinker",352913.0,3.0,Generates a lot of enthusiasm,358551.0,5.0,Has a forgiving nature,360730.0,2.0,Tends to be disorganized,366426.0,5.0,Worries a lot,375281.0,5.0,Has an active imagination,379198.0,5.0,Tends to be quiet,382717.0,5.0,Is generally trusting,384593.0,4.0,Tends to be lazy,388243.0,3.0,"Is emotionally stable, not easily upset",391971.0,2.0,Is inventive,395092.0,2.0,Has an assertive personality,407690.0,1.0,Can be cold and aloof,418067.0,3.0,Perseveres until the task is finished,422935.0,2.0,Can be moody,434324.0,5.0,"Values artistic, aesthetic experiences",440162.0,5.0,"Is sometimes shy, inhibited",446038.0,5.0,Is considerate and kind to almost everyone,450193.0,1.0,Does things efficiently,453919.0,4.0,Remains calm in tense situations,458105.0,4.0,Prefers work that is routine,465741.0,2.0,"Is outgoing, sociable",470279.0,2.0,Is sometimes rude to others,474270.0,1.0,Makes plans and follows through with them,478308.0,5.0,Gets nervous easily,482677.0,1.0,"Likes to reflect, play with ideas",486253.0,3.0,Has few artistic interests,492442.0,4.0,Likes to cooperate with others,495735.0,5.0,Is easily distracted,498991.0,1.0,"Is sophisticated in art, music, or literature",510487.0,3.3,2.4,1.6,4.7,2.7,93,4
ae1b8aea-3f66-4ca7-ab35-fa90f7adfdf1,l94Iu9JxaG6DOaS3OP8M,2026-02-13T06:14:29.243Z,original-gpi,18,Male,Student,UG (Pursuing),Chemical engineering ,1,7.8,Never,Somewhat,,4.07,4.68,3.68,Rajas,4.0,I see myself as someone who is reserved.,,,24608.0,,3.0,I see myself as someone who is generally trusting.,,,29483.0,,4.0,I see myself as someone who tends to be lazy.,,,31645.0,,2.0,"I see myself as someone who is relaxed, handles stress well.",,,38026.0,,4.0,I see myself as someone who has few artistic interests.,,,52314.0,,1.0,"I see myself as someone who is outgoing, sociable.",,,57896.0,,1.0,I see myself as someone who tends to find fault with others.,,,64399.0,,2.0,I see myself as someone who does a thorough job.,,,72743.0,,5.0,I see myself as someone who gets nervous easily.,,,77577.0,,1.0,I see myself as someone who has an active imagination.,,,82626.0,,,,,,,,,,,,,,,,,,,,,,,,,,,,,,,,,,,,,,,,,,,,,,,,,,,,,,,,,,,,,,,,,,,,,,,,,,,,,,,,,,,,,,,,,,,,,,,,,,,,,,,,4.5,2.0,1.5,4.0,1.5,95,4
f9a1a919-5858-41ce-bf96-1b07747c1064,luUBuj0bApIRuNZ6Jzg5,2026-02-14T11:46:01.916Z,original-gpi,21,Male,Student,UG (Pursuing),Computer science ,2,6.5,Regular,Very Familiar,,6.96,7.00,6.82,Rajas,,,5.0,,,,,,5.0,,,,,,5.0,,,,,,5.0,,,,,,5.0,,,,,,5.0,,,,,,5.0,,,,,,5.0,,,,,,5.0,,,,,,5.0,,,,5.0,,,5.0,,,5.0,,,5.0,,,5.0,,,5.0,,,5.0,,,5.0,,,5.0,,,5.0,,,5.0,,,5.0,,,5.0,,,5.0,,,5.0,,,5.0,,,5.0,,,5.0,,,5.0,,,5.0,,,5.0,,,5.0,,,5.0,,,5.0,,,5.0,,,5.0,,,5.0,,,5.0,,,5.0,,,5.0,,,5.0,,,5.0,,,5.0,,,5.0,,,3.5,3.2,3.5,3.2,4.2,0,0
15daacdd-1efb-4350-b32e-5bfabb25beda,m626hwVpB7SLyFQjVlyd,2026-02-14T14:05:19.932Z,original-gpi,23,Male,Student,UG (Pursuing),CSE,4,80,Regular,Very Familiar,,5.85,4.20,2.07,Sattva,,,5.0,Is talkative,,10990.0,,,4.0,Tends to find fault with others,,14039.0,,,5.0,Does a thorough job,,17465.0,,,1.0,"Is depressed, blue",,20521.0,,,5.0,"Is original, comes up with new ideas",,23057.0,,,5.0,Is reserved,,24737.0,,,5.0,Is helpful and unselfish with others,,27680.0,,,1.0,Can be somewhat careless,,31483.0,,,3.0,"Is relaxed, handles stress well",,34739.0,,,4.0,Is curious about many different things,,38262.0,5.0,Is full of energy,41062.0,1.0,Starts quarrels with others,43713.0,5.0,Is a reliable worker,46767.0,4.0,Can be tense,49305.0,5.0,"Is ingenious, a deep thinker",51329.0,5.0,Generates a lot of enthusiasm,54458.0,5.0,Has a forgiving nature,56515.0,1.0,Tends to be disorganized,61391.0,4.0,Worries a lot,63897.0,4.0,Has an active imagination,65951.0,5.0,Tends to be quiet,70064.0,5.0,Is generally trusting,73053.0,2.0,Tends to be lazy,76714.0,4.0,"Is emotionally stable, not easily upset",79406.0,4.0,Is inventive,81740.0,5.0,Has an assertive personality,86322.0,4.0,Can be cold and aloof,95322.0,3.0,Perseveres until the task is finished,98576.0,4.0,Can be moody,101811.0,5.0,"Values artistic, aesthetic experiences",105643.0,4.0,"Is sometimes shy, inhibited",108818.0,5.0,Is considerate and kind to almost everyone,115189.0,5.0,Does things efficiently,117320.0,3.0,Remains calm in tense situations,122582.0,5.0,Prefers work that is routine,132784.0,5.0,"Is outgoing, sociable",134591.0,1.0,Is sometimes rude to others,137145.0,4.0,Makes plans and follows through with them,139438.0,2.0,Gets nervous easily,141807.0,4.0,"Likes to reflect, play with ideas",144644.0,3.0,Has few artistic interests,149329.0,5.0,Likes to cooperate with others,151711.0,5.0,Is easily distracted,154144.0,4.0,"Is sophisticated in art, music, or literature",159585.0,2.9,4.1,3.6,4.3,3.9,103,0
de6b5fa2-8161-4ba5-9772-04aca5518e11,n007gJYZQ34nN6MrSJQY,2026-02-15T05:22:40.678Z,original-gpi,43,Male,Working Professional,PG (Completed),,,,Rarely,Heard of it,,3.19,3.28,3.54,Tamas,,,5.0,Is talkative,,8773.0,,,4.0,Tends to find fault with others,,12656.0,,,2.0,Does a thorough job,,15842.0,,,1.0,"Is depressed, blue",,18888.0,,,2.0,"Is original, comes up with new ideas",,24018.0,,,1.0,Is reserved,,28223.0,,,5.0,Is helpful and unselfish with others,,34904.0,,,5.0,Can be somewhat careless,,37934.0,,,2.0,"Is relaxed, handles stress well",,42398.0,,,5.0,Is curious about many different things,,67370.0,4.0,Is full of energy,69341.0,2.0,Starts quarrels with others,71853.0,4.0,Is a reliable worker,73996.0,4.0,Can be tense,75641.0,1.0,"Is ingenious, a deep thinker",79810.0,4.0,Generates a lot of enthusiasm,82377.0,5.0,Has a forgiving nature,84978.0,5.0,Tends to be disorganized,86908.0,4.0,Worries a lot,88563.0,2.0,Has an active imagination,91852.0,1.0,Tends to be quiet,95280.0,4.0,Is generally trusting,98081.0,4.0,Tends to be lazy,100099.0,1.0,"Is emotionally stable, not easily upset",105302.0,2.0,Is inventive,108761.0,2.0,Has an assertive personality,110967.0,2.0,Can be cold and aloof,114890.0,1.0,Perseveres until the task is finished,122256.0,2.0,Can be moody,124297.0,2.0,"Values artistic, aesthetic experiences",129267.0,1.0,"Is sometimes shy, inhibited",132701.0,4.0,Is considerate and kind to almost everyone,138624.0,1.0,Does things efficiently,143977.0,1.0,Remains calm in tense situations,147100.0,2.0,Prefers work that is routine,150572.0,4.0,"Is outgoing, sociable",153372.0,2.0,Is sometimes rude to others,155535.0,1.0,Makes plans and follows through with them,159091.0,2.0,Gets nervous easily,161406.0,2.0,"Likes to reflect, play with ideas",166803.0,4.0,Has few artistic interests,173183.0,4.0,Likes to cooperate with others,175404.0,5.0,Is easily distracted,177511.0,2.0,"Is sophisticated in art, music, or literature",183678.0,3.4,1.6,4.3,4.0,2.4,87,0
cf9bc8bd-6952-43fa-ada6-92cbff2e5b54,nn6HNV187L2bEmCY0eYe,2026-02-14T15:23:14.107Z,original-gpi,21,Male,Working Professional,UG (Completed),,,,Never,Somewhat,,5.33,3.84,2.54,Sattva,,,4.0,Is talkative,,11123.0,,,5.0,Tends to find fault with others,,14773.0,,,4.0,Does a thorough job,,20276.0,,,1.0,"Is depressed, blue",,29330.0,,,2.0,"Is original, comes up with new ideas",,35012.0,,,2.0,Is reserved,,38740.0,,,5.0,Is helpful and unselfish with others,,59495.0,,,4.0,Can be somewhat careless,,49336.0,,,5.0,"Is relaxed, handles stress well",,52111.0,,,4.0,Is curious about many different things,,64331.0,4.0,Is full of energy,66350.0,1.0,Starts quarrels with others,69525.0,4.0,Is a reliable worker,72610.0,2.0,Can be tense,74869.0,4.0,"Is ingenious, a deep thinker",78549.0,4.0,Generates a lot of enthusiasm,83667.0,4.0,Has a forgiving nature,90603.0,1.0,Tends to be disorganized,97294.0,4.0,Worries a lot,103083.0,4.0,Has an active imagination,108685.0,4.0,Tends to be quiet,112465.0,5.0,Is generally trusting,114571.0,2.0,Tends to be lazy,116913.0,4.0,"Is emotionally stable, not easily upset",120720.0,3.0,Is inventive,131617.0,2.0,Has an assertive personality,136384.0,2.0,Can be cold and aloof,145060.0,4.0,Perseveres until the task is finished,150400.0,4.0,Can be moody,152639.0,4.0,"Values artistic, aesthetic experiences",155459.0,4.0,"Is sometimes shy, inhibited",158965.0,4.0,Is considerate and kind to almost everyone,168550.0,3.0,Does things efficiently,170877.0,4.0,Remains calm in tense situations,174709.0,2.0,Prefers work that is routine,180747.0,3.0,"Is outgoing, sociable",183965.0,2.0,Is sometimes rude to others,193428.0,4.0,Makes plans and follows through with them,198209.0,2.0,Gets nervous easily,200696.0,4.0,"Likes to reflect, play with ideas",223301.0,2.0,Has few artistic interests,226085.0,5.0,Likes to cooperate with others,228725.0,4.0,Is easily distracted,233388.0,4.0,"Is sophisticated in art, music, or literature",238254.0,2.3,3.6,3.1,4.1,3.7,108,0
4dfcea7f-5f0e-4307-9a3d-22460004f173,oHRfn28wrQJu5SEm0p00,2026-02-14T17:03:41.856Z,original-gpi,18,Male,Student,High School,Statistics and data science,1,8.00,Occasional,Somewhat,,5.19,4.08,2.89,Sattva,,,3.0,Is talkative,,6307.0,,,2.0,Tends to find fault with others,,8995.0,,,4.0,Does a thorough job,,10994.0,,,2.0,"Is depressed, blue",,14139.0,,,4.0,"Is original, comes up with new ideas",,17132.0,,,5.0,Is reserved,,19439.0,,,4.0,Is helpful and unselfish with others,,22354.0,,,4.0,Can be somewhat careless,,26254.0,,,3.0,"Is relaxed, handles stress well",,27588.0,,,5.0,Is curious about many different things,,29671.0,4.0,Is full of energy,31130.0,2.0,Starts quarrels with others,34739.0,4.0,Is a reliable worker,38054.0,4.0,Can be tense,42644.0,4.0,"Is ingenious, a deep thinker",60543.0,4.0,Generates a lot of enthusiasm,61724.0,4.0,Has a forgiving nature,63245.0,3.0,Tends to be disorganized,65445.0,4.0,Worries a lot,67922.0,4.0,Has an active imagination,69026.0,3.0,Tends to be quiet,72472.0,4.0,Is generally trusting,74781.0,4.0,Tends to be lazy,76291.0,5.0,"Is emotionally stable, not easily upset",78263.0,4.0,Is inventive,80674.0,4.0,Has an assertive personality,82011.0,2.0,Can be cold and aloof,85170.0,4.0,Perseveres until the task is finished,89093.0,3.0,Can be moody,91002.0,4.0,"Values artistic, aesthetic experiences",94454.0,5.0,"Is sometimes shy, inhibited",97640.0,4.0,Is considerate and kind to almost everyone,123343.0,3.0,Does things efficiently,125060.0,3.0,Remains calm in tense situations,146445.0,4.0,Prefers work that is routine,147898.0,2.0,"Is outgoing, sociable",149926.0,2.0,Is sometimes rude to others,153675.0,4.0,Makes plans and follows through with them,156058.0,4.0,Gets nervous easily,158131.0,4.0,"Likes to reflect, play with ideas",160808.0,3.0,Has few artistic interests,162490.0,4.0,Likes to cooperate with others,163996.0,4.0,Is easily distracted,165672.0,4.0,"Is sophisticated in art, music, or literature",168773.0,3.0,3.1,2.8,4.0,3.8,95,1
3ca07c3c-e30d-46d8-b6b2-63297d159909,p7woax3Qy0aw2sw8Lbzo,2026-02-14T18:29:45.835Z,original-gpi,18,Male,Student,UG (Pursuing),mechanical engineering,1,8.9,Occasional,Somewhat,,4.81,4.04,3.71,Sattva,,,5.0,Is talkative,,15314.0,,,4.0,Tends to find fault with others,,18030.0,,,4.0,Does a thorough job,,22515.0,,,3.0,"Is depressed, blue",,28047.0,,,2.0,"Is original, comes up with new ideas",,31245.0,,,2.0,Is reserved,,43751.0,,,4.0,Is helpful and unselfish with others,,47935.0,,,5.0,Can be somewhat careless,,56930.0,,,1.0,"Is relaxed, handles stress well",,68742.0,,,4.0,Is curious about many different things,,72694.0,3.0,Is full of energy,76942.0,1.0,Starts quarrels with others,80738.0,2.0,Is a reliable worker,85705.0,3.0,Can be tense,115094.0,4.0,"Is ingenious, a deep thinker",119410.0,4.0,Generates a lot of enthusiasm,128922.0,5.0,Has a forgiving nature,161591.0,1.0,Tends to be disorganized,140486.0,4.0,Worries a lot,168676.0,4.0,Has an active imagination,171583.0,1.0,Tends to be quiet,176231.0,5.0,Is generally trusting,180272.0,4.0,Tends to be lazy,189023.0,2.0,"Is emotionally stable, not easily upset",191485.0,3.0,Is inventive,198354.0,2.0,Has an assertive personality,202431.0,1.0,Can be cold and aloof,225531.0,5.0,Perseveres until the task is finished,232459.0,4.0,Can be moody,235254.0,4.0,"Values artistic, aesthetic experiences",247433.0,5.0,"Is sometimes shy, inhibited",251566.0,5.0,Is considerate and kind to almost everyone,264560.0,5.0,Does things efficiently,268543.0,2.0,Remains calm in tense situations,272289.0,5.0,Prefers work that is routine,277456.0,2.0,"Is outgoing, sociable",283660.0,1.0,Is sometimes rude to others,290634.0,4.0,Makes plans and follows through with them,297716.0,4.0,Gets nervous easily,303416.0,4.0,"Likes to reflect, play with ideas",311410.0,4.0,Has few artistic interests,319249.0,4.0,Likes to cooperate with others,325742.0,5.0,Is easily distracted,328813.0,1.0,"Is sophisticated in art, music, or literature",338291.0,3.9,3.2,3.3,4.4,2.9,97,0
c2e2aa8e-2b6b-4672-8321-bba078690edf,pOLeGXgsp6YqVRL6PjKK,2026-02-14T09:10:27.081Z,original-gpi,17,Female,Student,High School,Commerce ,,80.8,Regular,Somewhat,,5.74,3.52,3.11,Sattva,,,2.0,Is talkative,,407280.0,,,1.0,Tends to find fault with others,,389302.0,,,4.0,Does a thorough job,,375752.0,,,3.0,"Is depressed, blue",,363228.0,,,5.0,"Is original, comes up with new ideas",,358665.0,,,3.0,Is reserved,,350243.0,,,4.0,Is helpful and unselfish with others,,339328.0,,,2.0,Can be somewhat careless,,330795.0,,,3.0,"Is relaxed, handles stress well",,323044.0,,,5.0,Is curious about many different things,,315343.0,3.0,Is full of energy,304600.0,2.0,Starts quarrels with others,298781.0,3.0,Is a reliable worker,291758.0,3.0,Can be tense,287278.0,4.0,"Is ingenious, a deep thinker",281026.0,3.0,Generates a lot of enthusiasm,262467.0,5.0,Has a forgiving nature,250359.0,2.0,Tends to be disorganized,424603.0,4.0,Worries a lot,241799.0,5.0,Has an active imagination,236615.0,4.0,Tends to be quiet,231025.0,1.0,Is generally trusting,225160.0,4.0,Tends to be lazy,219168.0,3.0,"Is emotionally stable, not easily upset",209865.0,3.0,Is inventive,203548.0,4.0,Has an assertive personality,196703.0,3.0,Can be cold and aloof,188692.0,5.0,Perseveres until the task is finished,182252.0,4.0,Can be moody,168466.0,3.0,"Values artistic, aesthetic experiences",164362.0,3.0,"Is sometimes shy, inhibited",157019.0,3.0,Is considerate and kind to almost everyone,150088.0,3.0,Does things efficiently,141054.0,4.0,Remains calm in tense situations,128555.0,1.0,Prefers work that is routine,103573.0,2.0,"Is outgoing, sociable",83702.0,3.0,Is sometimes rude to others,76723.0,4.0,Makes plans and follows through with them,71294.0,3.0,Gets nervous easily,67290.0,3.0,"Likes to reflect, play with ideas",63130.0,4.0,Has few artistic interests,44478.0,5.0,Likes to cooperate with others,36909.0,3.0,Is easily distracted,29124.0,4.0,"Is sophisticated in art, music, or literature",23383.0,3.1,3.6,2.8,3.7,3.9,98,22
bb85514c-86b4-45c9-bc60-c0459678ec79,pchukaFwJTMs3rmQ7siB,2026-02-13T10:16:42.097Z,original-gpi,30,Male,Student,PG (Completed),Electrical engineering ,PhD,7.9,Occasional,Very Familiar,,4.59,3.96,3.96,Sattva,,,2.0,Is talkative,,11888.0,,,2.0,Tends to find fault with others,,18342.0,,,4.0,Does a thorough job,,25313.0,,,4.0,"Is depressed, blue",,42779.0,,,3.0,"Is original, comes up with new ideas",,50355.0,,,4.0,Is reserved,,52948.0,,,3.0,Is helpful and unselfish with others,,56284.0,,,2.0,Can be somewhat careless,,63609.0,,,3.0,"Is relaxed, handles stress well",,67467.0,,,3.0,Is curious about many different things,,70352.0,2.0,Is full of energy,73354.0,2.0,Starts quarrels with others,86664.0,3.0,Is a reliable worker,92104.0,3.0,Can be tense,95819.0,3.0,"Is ingenious, a deep thinker",100030.0,2.0,Generates a lot of enthusiasm,104156.0,3.0,Has a forgiving nature,107364.0,3.0,Tends to be disorganized,112727.0,4.0,Worries a lot,116235.0,3.0,Has an active imagination,121764.0,4.0,Tends to be quiet,124694.0,3.0,Is generally trusting,128412.0,4.0,Tends to be lazy,130773.0,3.0,"Is emotionally stable, not easily upset",133285.0,3.0,Is inventive,136660.0,2.0,Has an assertive personality,139389.0,3.0,Can be cold and aloof,142696.0,3.0,Perseveres until the task is finished,151540.0,3.0,Can be moody,153015.0,4.0,"Values artistic, aesthetic experiences",160127.0,4.0,"Is sometimes shy, inhibited",164392.0,4.0,Is considerate and kind to almost everyone,171734.0,2.0,Does things efficiently,176445.0,3.0,Remains calm in tense situations,179686.0,5.0,Prefers work that is routine,189249.0,3.0,"Is outgoing, sociable",191102.0,2.0,Is sometimes rude to others,194842.0,3.0,Makes plans and follows through with them,200606.0,4.0,Gets nervous easily,206149.0,3.0,"Likes to reflect, play with ideas",216182.0,4.0,Has few artistic interests,220787.0,4.0,Likes to cooperate with others,227878.0,4.0,Is easily distracted,233096.0,4.0,"Is sophisticated in art, music, or literature",236983.0,0.0,0.0,0.0,0.0,0.0,90,0
0bdc651f-3764-49b5-86a7-f44003650b34,qqKQ5wHDEOIBfYFZp3z3,2026-02-14T15:28:14.848Z,original-gpi,22,Female,Student,PG (Pursuing),Computer Science ,1,4,Rarely,Very Familiar,,4.59,4.32,3.93,Sattva,,,4.0,Is talkative,,6149.0,,,2.0,Tends to find fault with others,,11201.0,,,4.0,Does a thorough job,,14630.0,,,5.0,"Is depressed, blue",,17198.0,,,5.0,"Is original, comes up with new ideas",,22732.0,,,4.0,Is reserved,,24803.0,,,4.0,Is helpful and unselfish with others,,28254.0,,,4.0,Can be somewhat careless,,30737.0,,,2.0,"Is relaxed, handles stress well",,33076.0,,,5.0,Is curious about many different things,,39022.0,4.0,Is full of energy,40560.0,1.0,Starts quarrels with others,42255.0,3.0,Is a reliable worker,45811.0,4.0,Can be tense,48056.0,5.0,"Is ingenious, a deep thinker",52182.0,5.0,Generates a lot of enthusiasm,54345.0,5.0,Has a forgiving nature,55833.0,4.0,Tends to be disorganized,58208.0,4.0,Worries a lot,59917.0,4.0,Has an active imagination,67105.0,5.0,Tends to be quiet,68623.0,5.0,Is generally trusting,71006.0,5.0,Tends to be lazy,75338.0,4.0,"Is emotionally stable, not easily upset",81429.0,4.0,Is inventive,83921.0,4.0,Has an assertive personality,85986.0,2.0,Can be cold and aloof,87939.0,3.0,Perseveres until the task is finished,93147.0,4.0,Can be moody,95130.0,5.0,"Values artistic, aesthetic experiences",98752.0,4.0,"Is sometimes shy, inhibited",124034.0,5.0,Is considerate and kind to almost everyone,126906.0,3.0,Does things efficiently,128719.0,2.0,Remains calm in tense situations,131477.0,5.0,Prefers work that is routine,135107.0,2.0,"Is outgoing, sociable",138979.0,2.0,Is sometimes rude to others,142900.0,2.0,Makes plans and follows through with them,150147.0,4.0,Gets nervous easily,151752.0,5.0,"Likes to reflect, play with ideas",154639.0,1.0,Has few artistic interests,156335.0,4.0,Likes to cooperate with others,161693.0,3.0,Is easily distracted,164009.0,4.0,"Is sophisticated in art, music, or literature",166796.0,3.9,2.6,3.0,4.4,4.3,96,2
f11f9b33-0061-4934-853b-508f867985a2,rhgKZPvYVc8fsDLzIBzD,2026-02-15T03:45:09.424Z,original-gpi,24,Female,Student,UG (Completed),Mbbs,4,,Rarely,Heard of it,,4.22,3.96,4.07,Sattva,,,1.0,Is talkative,,68553.0,,,4.0,Tends to find fault with others,,72941.0,,,4.0,Does a thorough job,,95797.0,,,4.0,"Is depressed, blue",,98626.0,,,4.0,"Is original, comes up with new ideas",,101667.0,,,5.0,Is reserved,,103951.0,,,4.0,Is helpful and unselfish with others,,106655.0,,,4.0,Can be somewhat careless,,108936.0,,,4.0,"Is relaxed, handles stress well",,110935.0,,,2.0,Is curious about many different things,,114159.0,1.0,Is full of energy,128095.0,1.0,Starts quarrels with others,131848.0,4.0,Is a reliable worker,135211.0,4.0,Can be tense,136847.0,5.0,"Is ingenious, a deep thinker",139256.0,4.0,Generates a lot of enthusiasm,144141.0,5.0,Has a forgiving nature,146568.0,4.0,Tends to be disorganized,148472.0,4.0,Worries a lot,150143.0,4.0,Has an active imagination,151621.0,5.0,Tends to be quiet,153378.0,5.0,Is generally trusting,155346.0,5.0,Tends to be lazy,157374.0,4.0,"Is emotionally stable, not easily upset",161148.0,4.0,Is inventive,164969.0,4.0,Has an assertive personality,166582.0,3.0,Can be cold and aloof,171765.0,4.0,Perseveres until the task is finished,178054.0,4.0,Can be moody,180278.0,5.0,"Values artistic, aesthetic experiences",182161.0,5.0,"Is sometimes shy, inhibited",184281.0,5.0,Is considerate and kind to almost everyone,186400.0,4.0,Does things efficiently,189228.0,4.0,Remains calm in tense situations,191545.0,2.0,Prefers work that is routine,195836.0,1.0,"Is outgoing, sociable",198152.0,1.0,Is sometimes rude to others,201141.0,4.0,Makes plans and follows through with them,206737.0,4.0,Gets nervous easily,210402.0,1.0,"Likes to reflect, play with ideas",214935.0,4.0,Has few artistic interests,218380.0,4.0,Likes to cooperate with others,220029.0,4.0,Is easily distracted,221620.0,5.0,"Is sophisticated in art, music, or literature",226215.0,3.3,3.0,1.8,4.2,3.6,89,2
a5188b90-6eb8-4863-ae01-6db4278a040d,rrnCaH2QC6hiDguJhsoy,2026-02-14T15:55:18.048Z,original-gpi,29,Male,Working Professional,PG (Completed),,,,Regular,Very Familiar,,5.22,4.00,2.75,Sattva,,,2.0,Is talkative,,6648.0,,,3.0,Tends to find fault with others,,10415.0,,,3.0,Does a thorough job,,24560.0,,,2.0,"Is depressed, blue",,30119.0,,,2.0,"Is original, comes up with new ideas",,32177.0,,,3.0,Is reserved,,33322.0,,,4.0,Is helpful and unselfish with others,,36824.0,,,3.0,Can be somewhat careless,,41462.0,,,4.0,"Is relaxed, handles stress well",,48668.0,,,3.0,Is curious about many different things,,50982.0,4.0,Is full of energy,52682.0,3.0,Starts quarrels with others,54287.0,4.0,Is a reliable worker,57114.0,3.0,Can be tense,58351.0,4.0,"Is ingenious, a deep thinker",61883.0,4.0,Generates a lot of enthusiasm,63884.0,5.0,Has a forgiving nature,66820.0,2.0,Tends to be disorganized,69021.0,3.0,Worries a lot,70808.0,4.0,Has an active imagination,72858.0,4.0,Tends to be quiet,75520.0,4.0,Is generally trusting,80691.0,2.0,Tends to be lazy,82588.0,2.0,"Is emotionally stable, not easily upset",85354.0,2.0,Is inventive,86730.0,3.0,Has an assertive personality,93768.0,3.0,Can be cold and aloof,95833.0,3.0,Perseveres until the task is finished,97225.0,3.0,Can be moody,98846.0,4.0,"Values artistic, aesthetic experiences",102943.0,3.0,"Is sometimes shy, inhibited",104893.0,3.0,Is considerate and kind to almost everyone,106080.0,3.0,Does things efficiently,108978.0,3.0,Remains calm in tense situations,110506.0,3.0,Prefers work that is routine,111640.0,3.0,"Is outgoing, sociable",113047.0,3.0,Is sometimes rude to others,114277.0,4.0,Makes plans and follows through with them,121868.0,1.0,Gets nervous easily,123655.0,4.0,"Likes to reflect, play with ideas",129105.0,4.0,Has few artistic interests,131653.0,4.0,Likes to cooperate with others,134033.0,1.0,Is easily distracted,136689.0,3.0,"Is sophisticated in art, music, or literature",138973.0,2.6,3.7,3.0,3.6,3.1,89,1
e0d98d29-6ccd-47eb-abd8-3c55cf11023c,sEDvtxmcnO0zr1OAfhYJ,2026-02-14T13:53:58.271Z,original-gpi,23,Male,Working Professional,UG (Completed),,,,Regular,Very Familiar,,4.59,4.20,3.32,Sattva,,,1.0,Is talkative,,32641.0,,,1.0,Tends to find fault with others,,14118.0,,,3.0,Does a thorough job,,18252.0,,,3.0,"Is depressed, blue",,22436.0,,,5.0,"Is original, comes up with new ideas",,25601.0,,,4.0,Is reserved,,28689.0,,,5.0,Is helpful and unselfish with others,,41920.0,,,3.0,Can be somewhat careless,,44924.0,,,2.0,"Is relaxed, handles stress well",,51928.0,,,4.0,Is curious about many different things,,54274.0,2.0,Is full of energy,55524.0,1.0,Starts quarrels with others,57280.0,3.0,Is a reliable worker,59307.0,4.0,Can be tense,61752.0,2.0,"Is ingenious, a deep thinker",64558.0,5.0,Generates a lot of enthusiasm,67117.0,5.0,Has a forgiving nature,68581.0,5.0,Tends to be disorganized,71635.0,5.0,Worries a lot,73218.0,2.0,Has an active imagination,75710.0,5.0,Tends to be quiet,77114.0,5.0,Is generally trusting,79701.0,5.0,Tends to be lazy,80957.0,1.0,"Is emotionally stable, not easily upset",86171.0,4.0,Is inventive,87851.0,4.0,Has an assertive personality,90043.0,4.0,Can be cold and aloof,94256.0,2.0,Perseveres until the task is finished,97555.0,1.0,Can be moody,99671.0,4.0,"Values artistic, aesthetic experiences",103210.0,5.0,"Is sometimes shy, inhibited",104913.0,5.0,Is considerate and kind to almost everyone,107375.0,4.0,Does things efficiently,109923.0,2.0,Remains calm in tense situations,112034.0,5.0,Prefers work that is routine,121467.0,1.0,"Is outgoing, sociable",123343.0,1.0,Is sometimes rude to others,124868.0,4.0,Makes plans and follows through with them,129957.0,5.0,Gets nervous easily,132651.0,5.0,"Likes to reflect, play with ideas",141398.0,1.0,Has few artistic interests,143312.0,5.0,Likes to cooperate with others,145638.0,5.0,Is easily distracted,149537.0,5.0,"Is sophisticated in art, music, or literature",150329.0,3.9,2.4,2.1,4.7,3.7,84,5
6a3577df-ece6-4a76-a3d3-630827f81575,sORVzOiUGLZd4cxg4syO,2026-02-13T03:54:26.385Z,original-gpi,25,Male,Working Professional,UG (Completed),,,,Regular,Very Familiar,,2.78,2.92,2.79,Rajas,5.0,I see myself as someone who is reserved.,,,22957.0,,5.0,I see myself as someone who is generally trusting.,,,70753.0,,5.0,I see myself as someone who tends to be lazy.,,,78016.0,,2.0,"I see myself as someone who is relaxed, handles stress well.",,,117850.0,,5.0,I see myself as someone who has few artistic interests.,,,128901.0,,1.0,"I see myself as someone who is outgoing, sociable.",,,133790.0,,5.0,I see myself as someone who tends to find fault with others.,,,137745.0,,2.0,I see myself as someone who does a thorough job.,,,142673.0,,5.0,I see myself as someone who gets nervous easily.,,,149195.0,,5.0,I see myself as someone who has an active imagination.,,,153523.0,,,,,,,,,,,,,,,,,,,,,,,,,,,,,,,,,,,,,,,,,,,,,,,,,,,,,,,,,,,,,,,,,,,,,,,,,,,,,,,,,,,,,,,,,,,,,,,,,,,,,,,,4.5,1.5,1.0,3.0,3.0,90,0
26913d74-3cb8-4b45-a084-ca161cbcfc33,uJ561gWRFz3BHd3pMRPJ,2026-02-14T15:22:06.866Z,original-gpi,32,Male,Working Professional,UG (Completed),,,,Rarely,Somewhat,,3.07,6.00,6.64,Tamas,,,5.0,Is talkative,,29029.0,,,5.0,Tends to find fault with others,,31272.0,,,5.0,Does a thorough job,,55301.0,,,4.0,"Is depressed, blue",,60688.0,,,1.0,"Is original, comes up with new ideas",,64266.0,,,5.0,Is reserved,,66777.0,,,5.0,Is helpful and unselfish with others,,71156.0,,,5.0,Can be somewhat careless,,73133.0,,,1.0,"Is relaxed, handles stress well",,74878.0,,,1.0,Is curious about many different things,,76307.0,1.0,Is full of energy,78726.0,5.0,Starts quarrels with others,80750.0,5.0,Is a reliable worker,83100.0,5.0,Can be tense,90400.0,3.0,"Is ingenious, a deep thinker",94722.0,3.0,Generates a lot of enthusiasm,96240.0,1.0,Has a forgiving nature,98345.0,5.0,Tends to be disorganized,101373.0,5.0,Worries a lot,111259.0,5.0,Has an active imagination,114668.0,1.0,Tends to be quiet,117515.0,1.0,Is generally trusting,120375.0,5.0,Tends to be lazy,121486.0,1.0,"Is emotionally stable, not easily upset",123895.0,1.0,Is inventive,125480.0,1.0,Has an assertive personality,126756.0,1.0,Can be cold and aloof,129925.0,4.0,Perseveres until the task is finished,132993.0,5.0,Can be moody,182074.0,1.0,"Values artistic, aesthetic experiences",138179.0,5.0,"Is sometimes shy, inhibited",141115.0,1.0,Is considerate and kind to almost everyone,146888.0,1.0,Does things efficiently,148172.0,1.0,Remains calm in tense situations,150173.0,1.0,Prefers work that is routine,151830.0,3.0,"Is outgoing, sociable",157489.0,5.0,Is sometimes rude to others,160505.0,1.0,Makes plans and follows through with them,163076.0,5.0,Gets nervous easily,166570.0,4.0,"Likes to reflect, play with ideas",167895.0,1.0,Has few artistic interests,170190.0,3.0,Likes to cooperate with others,172903.0,5.0,Is easily distracted,175421.0,1.0,"Is sophisticated in art, music, or literature",177385.0,4.9,2.2,2.5,2.1,2.7,106,0
dd2aaa3b-d138-4a77-9b73-ad15438a64c4,vK8RVUnfeya81cAeOJX5,2026-02-14T13:46:32.528Z,original-gpi,25,Female,Working Professional,PG (Pursuing),,,,Regular,Very Familiar,,4.41,4.48,3.50,Rajas,,,4.0,Is talkative,,8941.0,,,4.0,Tends to find fault with others,,11572.0,,,4.0,Does a thorough job,,15110.0,,,2.0,"Is depressed, blue",,19711.0,,,3.0,"Is original, comes up with new ideas",,24603.0,,,4.0,Is reserved,,29324.0,,,3.0,Is helpful and unselfish with others,,34300.0,,,4.0,Can be somewhat careless,,37067.0,,,4.0,"Is relaxed, handles stress well",,39759.0,,,4.0,Is curious about many different things,,42870.0,4.0,Is full of energy,46544.0,3.0,Starts quarrels with others,49144.0,4.0,Is a reliable worker,51194.0,4.0,Can be tense,53344.0,4.0,"Is ingenious, a deep thinker",56519.0,4.0,Generates a lot of enthusiasm,58483.0,5.0,Has a forgiving nature,61809.0,4.0,Tends to be disorganized,65208.0,2.0,Worries a lot,68702.0,4.0,Has an active imagination,71875.0,3.0,Tends to be quiet,78009.0,4.0,Is generally trusting,79772.0,4.0,Tends to be lazy,82534.0,4.0,"Is emotionally stable, not easily upset",88873.0,3.0,Is inventive,91751.0,3.0,Has an assertive personality,94982.0,2.0,Can be cold and aloof,99824.0,3.0,Perseveres until the task is finished,105517.0,4.0,Can be moody,107282.0,4.0,"Values artistic, aesthetic experiences",114032.0,3.0,"Is sometimes shy, inhibited",117223.0,4.0,Is considerate and kind to almost everyone,121155.0,4.0,Does things efficiently,123042.0,4.0,Remains calm in tense situations,125291.0,4.0,Prefers work that is routine,130431.0,4.0,"Is outgoing, sociable",133183.0,4.0,Is sometimes rude to others,137648.0,2.0,Makes plans and follows through with them,141346.0,2.0,Gets nervous easily,144713.0,3.0,"Likes to reflect, play with ideas",150271.0,4.0,Has few artistic interests,155494.0,4.0,Likes to cooperate with others,157560.0,4.0,Is easily distracted,159620.0,4.0,"Is sophisticated in art, music, or literature",163033.0,2.5,2.8,3.4,3.4,3.3,87,0
5f9f33d5-6ade-4bf2-8dc6-9a1a6621be59,vUtAraaBM1MfopHNyznC,2026-02-14T10:58:50.567Z,original-gpi,31,Female,Homemaker,High School,,,,Occasional,Very Familiar,,6.11,6.76,6.43,Rajas,,,5.0,Is talkative,,7442.0,,,5.0,Tends to find fault with others,,13507.0,,,5.0,Does a thorough job,,15596.0,,,4.0,"Is depressed, blue",,17858.0,,,3.0,"Is original, comes up with new ideas",,21340.0,,,3.0,Is reserved,,25441.0,,,5.0,Is helpful and unselfish with others,,28257.0,,,3.0,Can be somewhat careless,,30843.0,,,3.0,"Is relaxed, handles stress well",,32057.0,,,3.0,Is curious about many different things,,32997.0,3.0,Is full of energy,35309.0,2.0,Starts quarrels with others,37024.0,5.0,Is a reliable worker,39774.0,3.0,Can be tense,40239.0,5.0,"Is ingenious, a deep thinker",42325.0,3.0,Generates a lot of enthusiasm,42708.0,3.0,Has a forgiving nature,43774.0,3.0,Tends to be disorganized,44974.0,5.0,Worries a lot,49242.0,5.0,Has an active imagination,51443.0,5.0,Tends to be quiet,52025.0,5.0,Is generally trusting,54257.0,5.0,Tends to be lazy,55373.0,5.0,"Is emotionally stable, not easily upset",56490.0,5.0,Is inventive,58239.0,5.0,Has an assertive personality,59239.0,5.0,Can be cold and aloof,60239.0,5.0,Perseveres until the task is finished,61306.0,5.0,Can be moody,62423.0,5.0,"Values artistic, aesthetic experiences",63773.0,5.0,"Is sometimes shy, inhibited",86756.0,5.0,Is considerate and kind to almost everyone,66393.0,5.0,Does things efficiently,67623.0,5.0,Remains calm in tense situations,68840.0,5.0,Prefers work that is routine,70008.0,5.0,"Is outgoing, sociable",72140.0,5.0,Is sometimes rude to others,73357.0,5.0,Makes plans and follows through with them,74058.0,5.0,Gets nervous easily,75107.0,5.0,"Likes to reflect, play with ideas",76076.0,5.0,Has few artistic interests,77007.0,5.0,Likes to cooperate with others,78323.0,5.0,Is easily distracted,78990.0,5.0,"Is sophisticated in art, music, or literature",80177.0,3.4,3.7,3.3,3.3,3.8,0,0
b409fc36-f36e-4f3d-8f1d-3d92bfec962c,wMiMeqA23PCgdL2ycj6k,2026-02-15T05:48:45.870Z,original-gpi,34,Male,Working Professional,UG (Completed),,,,Regular,Very Familiar,,6.74,3.32,1.11,Sattva,,,1.0,Is talkative,,14570.0,,,2.0,Tends to find fault with others,,20256.0,,,5.0,Does a thorough job,,25231.0,,,1.0,"Is depressed, blue",,27566.0,,,5.0,"Is original, comes up with new ideas",,30303.0,,,3.0,Is reserved,,32299.0,,,5.0,Is helpful and unselfish with others,,36281.0,,,4.0,Can be somewhat careless,,41623.0,,,5.0,"Is relaxed, handles stress well",,46231.0,,,5.0,Is curious about many different things,,48070.0,5.0,Is full of energy,49256.0,1.0,Starts quarrels with others,51012.0,5.0,Is a reliable worker,53797.0,1.0,Can be tense,55035.0,2.0,"Is ingenious, a deep thinker",60743.0,5.0,Generates a lot of enthusiasm,62122.0,5.0,Has a forgiving nature,63423.0,1.0,Tends to be disorganized,66015.0,1.0,Worries a lot,67636.0,5.0,Has an active imagination,70842.0,5.0,Tends to be quiet,72985.0,5.0,Is generally trusting,74220.0,1.0,Tends to be lazy,78442.0,5.0,"Is emotionally stable, not easily upset",82828.0,3.0,Is inventive,95642.0,3.0,Has an assertive personality,88685.0,3.0,Can be cold and aloof,90510.0,5.0,Perseveres until the task is finished,100854.0,1.0,Can be moody,103354.0,5.0,"Values artistic, aesthetic experiences",106001.0,2.0,"Is sometimes shy, inhibited",108549.0,5.0,Is considerate and kind to almost everyone,112414.0,5.0,Does things efficiently,114345.0,5.0,Remains calm in tense situations,115966.0,2.0,Prefers work that is routine,119775.0,5.0,"Is outgoing, sociable",121260.0,2.0,Is sometimes rude to others,123107.0,5.0,Makes plans and follows through with them,126853.0,1.0,Gets nervous easily,130428.0,5.0,"Likes to reflect, play with ideas",150243.0,5.0,Has few artistic interests,148043.0,5.0,Likes to cooperate with others,144513.0,1.0,Is easily distracted,142621.0,5.0,"Is sophisticated in art, music, or literature",138187.0,1.0,4.7,3.4,4.6,4.0,83,0
df02fb2b-b6ff-4ca7-8234-8e749b081bc7,wU5xcTHOFsxxQL3epyRm,2026-02-14T14:16:27.515Z,original-gpi,46,Female,Working Professional,PG (Completed),,,,Rarely,Very Familiar,,5.15,4.12,2.79,Sattva,,,1.0,,,,,,3.0,,,,,,5.0,,,,,,1.0,,,,,,4.0,,,,,,5.0,,,,,,5.0,,,,,,1.0,,,,,,4.0,,,,,,5.0,,,,3.0,,,1.0,,,5.0,,,4.0,,,4.0,,,3.0,,,5.0,,,1.0,,,1.0,,,3.0,,,5.0,,,5.0,,,3.0,,,3.0,,,3.0,,,5.0,,,3.0,,,5.0,,,4.0,,,5.0,,,4.0,,,5.0,,,5.0,,,3.0,,,4.0,,,5.0,,,1.0,,,3.0,,,4.0,,,2.0,,,3.0,,,5.0,,,1.0,,,4.0,,,2.8,4.6,2.6,4.6,3.5,0,0
4760e852-a955-44e9-9745-b9bdf28b6a57,wffL6c4S0qX5oJna3zJk,2026-02-14T14:43:21.212Z,original-gpi,33,Male,Other,PhD,,,,Regular,Very Familiar,,3.78,4.08,3.25,Rajas,,,1.0,Is talkative,,5899.0,,,4.0,Tends to find fault with others,,10737.0,,,4.0,Does a thorough job,,27136.0,,,4.0,"Is depressed, blue",,88173.0,,,5.0,"Is original, comes up with new ideas",,94419.0,,,5.0,Is reserved,,107926.0,,,5.0,Is helpful and unselfish with others,,113029.0,,,4.0,Can be somewhat careless,,116298.0,,,3.0,"Is relaxed, handles stress well",,121763.0,,,5.0,Is curious about many different things,,126786.0,4.0,Is full of energy,129242.0,1.0,Starts quarrels with others,131639.0,5.0,Is a reliable worker,133834.0,2.0,Can be tense,138300.0,4.0,"Is ingenious, a deep thinker",142010.0,4.0,Generates a lot of enthusiasm,146465.0,4.0,Has a forgiving nature,150543.0,2.0,Tends to be disorganized,155507.0,2.0,Worries a lot,158575.0,4.0,Has an active imagination,167521.0,5.0,Tends to be quiet,169299.0,5.0,Is generally trusting,172589.0,4.0,Tends to be lazy,175302.0,2.0,"Is emotionally stable, not easily upset",180342.0,4.0,Is inventive,183097.0,4.0,Has an assertive personality,186423.0,4.0,Can be cold and aloof,190887.0,4.0,Perseveres until the task is finished,196275.0,1.0,Can be moody,198458.0,4.0,"Values artistic, aesthetic experiences",202397.0,4.0,"Is sometimes shy, inhibited",205342.0,4.0,Is considerate and kind to almost everyone,209373.0,4.0,Does things efficiently,212378.0,4.0,Remains calm in tense situations,218861.0,4.0,Prefers work that is routine,221198.0,2.0,"Is outgoing, sociable",223955.0,2.0,Is sometimes rude to others,228125.0,3.0,Makes plans and follows through with them,233002.0,2.0,Gets nervous easily,235439.0,4.0,"Likes to reflect, play with ideas",239387.0,4.0,Has few artistic interests,242648.0,5.0,Likes to cooperate with others,246111.0,1.0,Is easily distracted,249925.0,2.0,"Is sophisticated in art, music, or literature",255319.0,2.5,3.7,2.4,4.0,3.6,93,1
1e08399e-2c32-429a-b344-1e9dde5cb679,wspr0MA7MWAuqnXMuUBX,2026-02-14T13:53:55.733Z,original-gpi,25,Male,Working Professional,UG (Completed),,,,Regular,Very Familiar,,5.48,3.96,3.36,Sattva,,,5.0,Is talkative,,12897.0,,,3.0,Tends to find fault with others,,21482.0,,,3.0,Does a thorough job,,27058.0,,,3.0,"Is depressed, blue",,36294.0,,,4.0,"Is original, comes up with new ideas",,43385.0,,,4.0,Is reserved,,54151.0,,,4.0,Is helpful and unselfish with others,,61773.0,,,4.0,Can be somewhat careless,,91981.0,,,4.0,"Is relaxed, handles stress well",,121057.0,,,5.0,Is curious about many different things,,125415.0,3.0,Is full of energy,128542.0,4.0,Starts quarrels with others,132038.0,4.0,Is a reliable worker,137713.0,4.0,Can be tense,141940.0,5.0,"Is ingenious, a deep thinker",148065.0,5.0,Generates a lot of enthusiasm,151610.0,4.0,Has a forgiving nature,176821.0,4.0,Tends to be disorganized,181032.0,4.0,Worries a lot,183563.0,5.0,Has an active imagination,190301.0,3.0,Tends to be quiet,193930.0,4.0,Is generally trusting,197058.0,4.0,Tends to be lazy,199255.0,3.0,"Is emotionally stable, not easily upset",204164.0,4.0,Is inventive,207858.0,4.0,Has an assertive personality,210354.0,4.0,Can be cold and aloof,213398.0,4.0,Perseveres until the task is finished,218160.0,4.0,Can be moody,221439.0,5.0,"Values artistic, aesthetic experiences",229443.0,3.0,"Is sometimes shy, inhibited",236716.0,4.0,Is considerate and kind to almost everyone,240894.0,3.0,Does things efficiently,244322.0,4.0,Remains calm in tense situations,247201.0,2.0,Prefers work that is routine,255306.0,4.0,"Is outgoing, sociable",259300.0,3.0,Is sometimes rude to others,262993.0,3.0,Makes plans and follows through with them,268336.0,3.0,Gets nervous easily,272614.0,3.0,"Likes to reflect, play with ideas",280584.0,4.0,Has few artistic interests,286809.0,4.0,Likes to cooperate with others,290019.0,3.0,Is easily distracted,293116.0,3.0,"Is sophisticated in art, music, or literature",297193.0,3.1,2.9,3.6,3.3,4.0,95,0
20721d31-36ad-412c-8151-4678535a29ff,wusybLmDnWbrjzCInFEp,2026-02-14T10:11:11.510Z,original-gpi,17,Female,Student,High School,Commerce,,83,Regular,Very Familiar,,6.33,2.40,2.07,Sattva,,,2.0,Is talkative,,32593.0,,,1.0,Tends to find fault with others,,36824.0,,,5.0,Does a thorough job,,44492.0,,,1.0,"Is depressed, blue",,52041.0,,,5.0,"Is original, comes up with new ideas",,56704.0,,,4.0,Is reserved,,62853.0,,,5.0,Is helpful and unselfish with others,,67384.0,,,2.0,Can be somewhat careless,,74385.0,,,4.0,"Is relaxed, handles stress well",,84567.0,,,5.0,Is curious about many different things,,91432.0,2.0,Is full of energy,95564.0,1.0,Starts quarrels with others,98631.0,3.0,Is a reliable worker,101648.0,2.0,Can be tense,104980.0,5.0,"Is ingenious, a deep thinker",108748.0,4.0,Generates a lot of enthusiasm,113676.0,4.0,Has a forgiving nature,123125.0,4.0,Tends to be disorganized,131939.0,2.0,Worries a lot,134225.0,3.0,Has an active imagination,153023.0,5.0,Tends to be quiet,241237.0,5.0,Is generally trusting,238103.0,4.0,Tends to be lazy,234939.0,5.0,"Is emotionally stable, not easily upset",229905.0,4.0,Is inventive,225120.0,4.0,Has an assertive personality,214392.0,4.0,Can be cold and aloof,204445.0,5.0,Perseveres until the task is finished,198596.0,3.0,Can be moody,191481.0,5.0,"Values artistic, aesthetic experiences",185295.0,3.0,"Is sometimes shy, inhibited",183615.0,5.0,Is considerate and kind to almost everyone,179464.0,5.0,Does things efficiently,176999.0,4.0,Remains calm in tense situations,172033.0,5.0,Prefers work that is routine,168315.0,1.0,"Is outgoing, sociable",160886.0,2.0,Is sometimes rude to others,251736.0,4.0,Makes plans and follows through with them,259584.0,4.0,Gets nervous easily,310208.0,5.0,"Likes to reflect, play with ideas",271882.0,5.0,Has few artistic interests,275228.0,2.0,Likes to cooperate with others,284111.0,3.0,Is easily distracted,287544.0,4.0,"Is sophisticated in art, music, or literature",295128.0,2.1,3.7,2.4,4.1,3.8,89,0
e925965b-5387-4f33-a343-442fcc266b39,xSvTBjEXx7NLzrxnXbbI,2026-02-14T15:59:21.160Z,original-gpi,25,Male,Working Professional,UG (Completed),,,,Rarely,Somewhat,,3.85,4.84,4.89,Tamas,,,5.0,Is talkative,,43573.0,,,3.0,Tends to find fault with others,,49687.0,,,4.0,Does a thorough job,,55088.0,,,4.0,"Is depressed, blue",,63584.0,,,3.0,"Is original, comes up with new ideas",,68470.0,,,4.0,Is reserved,,72886.0,,,5.0,Is helpful and unselfish with others,,76169.0,,,4.0,Can be somewhat careless,,90988.0,,,2.0,"Is relaxed, handles stress well",,84257.0,,,4.0,Is curious about many different things,,94661.0,4.0,Is full of energy,96461.0,4.0,Starts quarrels with others,99029.0,5.0,Is a reliable worker,100695.0,5.0,Can be tense,102129.0,5.0,"Is ingenious, a deep thinker",106101.0,5.0,Generates a lot of enthusiasm,107392.0,5.0,Has a forgiving nature,109543.0,4.0,Tends to be disorganized,111574.0,5.0,Worries a lot,113193.0,4.0,Has an active imagination,115934.0,4.0,Tends to be quiet,117001.0,5.0,Is generally trusting,119451.0,4.0,Tends to be lazy,121669.0,2.0,"Is emotionally stable, not easily upset",125594.0,3.0,Is inventive,132480.0,3.0,Has an assertive personality,137289.0,2.0,Can be cold and aloof,140505.0,4.0,Perseveres until the task is finished,147948.0,4.0,Can be moody,149181.0,4.0,"Values artistic, aesthetic experiences",209988.0,4.0,"Is sometimes shy, inhibited",207387.0,4.0,Is considerate and kind to almost everyone,201225.0,4.0,Does things efficiently,197894.0,1.0,Remains calm in tense situations,194516.0,4.0,Prefers work that is routine,190914.0,5.0,"Is outgoing, sociable",186725.0,4.0,Is sometimes rude to others,184574.0,2.0,Makes plans and follows through with them,182032.0,5.0,Gets nervous easily,174957.0,3.0,"Likes to reflect, play with ideas",172907.0,4.0,Has few artistic interests,166638.0,5.0,Likes to cooperate with others,162705.0,5.0,Is easily distracted,160038.0,4.0,"Is sophisticated in art, music, or literature",158855.0,4.5,2.9,3.5,3.9,3.4,97,7
cc20648a-b9bf-4d01-8bc9-422f25407d92,y3WtNkF77X12hWgmO4zA,2026-02-15T06:38:15.655Z,original-gpi,21,Male,Homemaker,UG (Pursuing),,,,Rarely,Somewhat,,3.44,3.16,4.07,Tamas,,,4.0,,,,,,4.0,,,,,,3.0,,,,,,3.0,,,,,,4.0,,,,,,4.0,,,,,,4.0,,,,,,4.0,,,,,,3.0,,,,,,4.0,,,,3.0,,,4.0,,,3.0,,,4.0,,,3.0,,,4.0,,,3.0,,,4.0,,,4.0,,,3.0,,,3.0,,,2.0,,,4.0,,,4.0,,,1.0,,,2.0,,,3.0,,,4.0,,,3.0,,,2.0,,,3.0,,,4.0,,,3.0,,,3.0,,,3.0,,,3.0,,,3.0,,,4.0,,,4.0,,,3.0,,,3.0,,,3.0,,,2.0,,,2.0,,,3.3,3.0,3.0,2.9,2.8,0,0
bd719703-3365-4010-974e-8a2e853da355,yA6sWv6oMNAmMVAudwS4,2026-02-13T10:11:10.565Z,original-gpi,18,Male,Student,UG (Pursuing),Material science and engineering ,1,5.7,Rarely,Somewhat,,3.44,5.00,4.86,Rajas,,,3.0,Is talkative,,6540.0,,,4.0,Tends to find fault with others,,11104.0,,,3.0,Does a thorough job,,14884.0,,,4.0,"Is depressed, blue",,16840.0,,,3.0,"Is original, comes up with new ideas",,20490.0,,,2.0,Is reserved,,22627.0,,,4.0,Is helpful and unselfish with others,,25440.0,,,2.0,Can be somewhat careless,,28361.0,,,4.0,"Is relaxed, handles stress well",,33326.0,,,4.0,Is curious about many different things,,35025.0,2.0,Is full of energy,36044.0,4.0,Starts quarrels with others,39130.0,4.0,Is a reliable worker,42706.0,4.0,Can be tense,44902.0,5.0,"Is ingenious, a deep thinker",47482.0,2.0,Generates a lot of enthusiasm,51528.0,4.0,Has a forgiving nature,54040.0,4.0,Tends to be disorganized,56732.0,5.0,Worries a lot,58524.0,5.0,Has an active imagination,60611.0,3.0,Tends to be quiet,62209.0,4.0,Is generally trusting,64701.0,4.0,Tends to be lazy,68448.0,2.0,"Is emotionally stable, not easily upset",70917.0,4.0,Is inventive,72902.0,4.0,Has an assertive personality,76357.0,4.0,Can be cold and aloof,78462.0,4.0,Perseveres until the task is finished,81394.0,4.0,Can be moody,82771.0,4.0,"Values artistic, aesthetic experiences",85703.0,4.0,"Is sometimes shy, inhibited",88245.0,4.0,Is considerate and kind to almost everyone,90994.0,2.0,Does things efficiently,94453.0,3.0,Remains calm in tense situations,97115.0,4.0,Prefers work that is routine,101424.0,3.0,"Is outgoing, sociable",103630.0,3.0,Is sometimes rude to others,105919.0,2.0,Makes plans and follows through with them,108615.0,3.0,Gets nervous easily,110329.0,4.0,"Likes to reflect, play with ideas",113442.0,4.0,Has few artistic interests,116841.0,3.0,Likes to cooperate with others,120439.0,4.0,Is easily distracted,122721.0,4.0,"Is sophisticated in art, music, or literature",125640.0,0.0,0.0,0.0,0.0,0.0,91,0
aa104182-cf3e-48c6-8b75-d07db11e2b43,yGxyRvkwHLe8w592euow,2026-02-14T17:13:51.613Z,original-gpi,22,Female,Working Professional,UG (Completed),,,,Never,Not at all,,3.26,4.28,4.00,Rajas,,,2.0,Is talkative,,10339.0,,,5.0,Tends to find fault with others,,16976.0,,,2.0,Does a thorough job,,22924.0,,,3.0,"Is depressed, blue",,29684.0,,,2.0,"Is original, comes up with new ideas",,34404.0,,,4.0,Is reserved,,38208.0,,,4.0,Is helpful and unselfish with others,,46465.0,,,5.0,Can be somewhat careless,,52507.0,,,4.0,"Is relaxed, handles stress well",,61899.0,,,4.0,Is curious about many different things,,66811.0,2.0,Is full of energy,70019.0,2.0,Starts quarrels with others,74377.0,2.0,Is a reliable worker,79261.0,4.0,Can be tense,81438.0,3.0,"Is ingenious, a deep thinker",89810.0,4.0,Generates a lot of enthusiasm,103254.0,5.0,Has a forgiving nature,105954.0,4.0,Tends to be disorganized,109904.0,5.0,Worries a lot,113683.0,2.0,Has an active imagination,122651.0,5.0,Tends to be quiet,125516.0,5.0,Is generally trusting,128371.0,5.0,Tends to be lazy,130991.0,2.0,"Is emotionally stable, not easily upset",136845.0,2.0,Is inventive,141955.0,3.0,Has an assertive personality,156134.0,2.0,Can be cold and aloof,161462.0,2.0,Perseveres until the task is finished,172616.0,4.0,Can be moody,175867.0,5.0,"Values artistic, aesthetic experiences",178443.0,4.0,"Is sometimes shy, inhibited",181556.0,4.0,Is considerate and kind to almost everyone,190184.0,2.0,Does things efficiently,192412.0,4.0,Remains calm in tense situations,201910.0,4.0,Prefers work that is routine,205937.0,2.0,"Is outgoing, sociable",211923.0,4.0,Is sometimes rude to others,218709.0,1.0,Makes plans and follows through with them,224086.0,4.0,Gets nervous easily,227599.0,2.0,"Likes to reflect, play with ideas",231404.0,4.0,Has few artistic interests,234531.0,4.0,Likes to cooperate with others,237326.0,5.0,Is easily distracted,239428.0,4.0,"Is sophisticated in art, music, or literature",243530.0,3.5,1.6,2.3,3.7,2.8,93,0
723f0dca-6612-4fed-91cb-4739fec5baa0,zYa14pFXmWhQeJaheNWJ,2026-02-14T09:15:31.110Z,original-gpi,22,Female,Student,UG (Pursuing),MBBS,3,7.1,Occasional,Somewhat,,4.07,5.08,4.25,Rajas,,,4.0,,,,,,3.0,,,,,,2.0,,,,,,4.0,,,,,,1.0,,,,,,4.0,,,,,,4.0,,,,,,4.0,,,,,,5.0,,,,,,5.0,,,,5.0,,,1.0,,,4.0,,,4.0,,,4.0,,,5.0,,,5.0,,,4.0,,,4.0,,,2.0,,,4.0,,,5.0,,,2.0,,,4.0,,,2.0,,,4.0,,,1.0,,,3.0,,,5.0,,,4.0,,,4.0,,,5.0,,,4.0,,,4.0,,,1.0,,,5.0,,,4.0,,,1.0,,,3.0,,,3.0,,,3.0,,,4.0,,,5.0,,,4.0,,,3.1,2.6,3.6,4.2,3.3,0,0
96b03fe9-0ce5-4bbf-95ba-da02676749e9,zzzuAM2iySFSlVfWZSxk,2026-02-14T08:38:48.801Z,original-gpi,23,Male,Student,PG (Pursuing),Psychology,2,7.1,Occasional,Very Familiar,,5.56,4.36,1.86,Sattva,,,5.0,Is talkative,,12510.0,,,1.0,Tends to find fault with others,,13858.0,,,5.0,Does a thorough job,,15859.0,,,1.0,"Is depressed, blue",,17257.0,,,5.0,"Is original, comes up with new ideas",,20006.0,,,3.0,Is reserved,,23420.0,,,5.0,Is helpful and unselfish with others,,28699.0,,,3.0,Can be somewhat careless,,31996.0,,,5.0,"Is relaxed, handles stress well",,33446.0,,,5.0,Is curious about many different things,,34862.0,5.0,Is full of energy,35728.0,1.0,Starts quarrels with others,36943.0,5.0,Is a reliable worker,38227.0,4.0,Can be tense,96038.0,1.0,"Is ingenious, a deep thinker",40224.0,5.0,Generates a lot of enthusiasm,41940.0,5.0,Has a forgiving nature,42989.0,1.0,Tends to be disorganized,45539.0,1.0,Worries a lot,47036.0,5.0,Has an active imagination,48468.0,5.0,Tends to be quiet,49568.0,5.0,Is generally trusting,50567.0,1.0,Tends to be lazy,52050.0,5.0,"Is emotionally stable, not easily upset",54965.0,5.0,Is inventive,55998.0,5.0,Has an assertive personality,56948.0,5.0,Can be cold and aloof,57864.0,5.0,Perseveres until the task is finished,60512.0,5.0,Can be moody,61829.0,5.0,"Values artistic, aesthetic experiences",63544.0,5.0,"Is sometimes shy, inhibited",64460.0,5.0,Is considerate and kind to almost everyone,65527.0,5.0,Does things efficiently,70289.0,5.0,Remains calm in tense situations,70989.0,5.0,Prefers work that is routine,72588.0,5.0,"Is outgoing, sociable",73671.0,1.0,Is sometimes rude to others,75387.0,5.0,Makes plans and follows through with them,78236.0,5.0,Gets nervous easily,79567.0,5.0,"Likes to reflect, play with ideas",80915.0,5.0,Has few artistic interests,83515.0,5.0,Likes to cooperate with others,84663.0,5.0,Is easily distracted,86463.0,5.0,"Is sophisticated in art, music, or literature",87780.0,2.4,4.3,3.8,4.6,3.8,84,0
